Reservoir_ID,Date_Time,Avg_Rain
09,2020-01-06 16:00:00,0.50
09,2020-01-06 20:00:00,2.00
09,2020-01-06 21:00:00,0.75
09,2020-01-06 22:00:00,1.25
09,2020-01-06 23:00:00,0.75
09,2020-01-07 00:00:00,0.50
09,2020-01-07 02:00:00,0.50
09,2020-01-11 05:00:00,0.50
09,2020-01-11 09:00:00,0.50
09,2020-01-11 11:00:00,0.50
09,2020-01-12 02:00:00,0.50
09,2020-01-12 03:00:00,0.75
09,2020-01-12 04:00:00,0.62
09,2020-01-12 05:00:00,1.12
09,2020-01-12 06:00:00,0.75
09,2020-01-12 07:00:00,0.50
09,2020-01-12 08:00:00,0.80
09,2020-01-12 09:00:00,0.75
09,2020-01-12 10:00:00,0.60
09,2020-01-12 11:00:00,0.50
09,2020-01-13 10:00:00,0.83
09,2020-01-13 11:00:00,0.92
09,2020-01-13 12:00:00,0.50
09,2020-01-14 03:00:00,0.50
09,2020-01-14 08:00:00,0.50
09,2020-01-14 10:00:00,0.50
09,2020-01-14 11:00:00,0.75
09,2020-01-14 12:00:00,0.50
09,2020-01-14 21:00:00,0.50
09,2020-01-14 23:00:00,0.50
09,2020-01-15 01:00:00,0.50
09,2020-01-15 02:00:00,0.50
09,2020-01-15 05:00:00,0.50
09,2020-01-15 06:00:00,0.50
09,2020-01-15 07:00:00,1.00
09,2020-01-15 08:00:00,2.00
09,2020-01-15 09:00:00,0.50
09,2020-01-15 10:00:00,0.50
09,2020-01-15 11:00:00,1.25
09,2020-01-15 12:00:00,0.75
09,2020-01-15 13:00:00,0.75
09,2020-01-15 14:00:00,0.75
09,2020-01-15 15:00:00,0.83
09,2020-01-15 16:00:00,0.90
09,2020-01-15 17:00:00,0.75
09,2020-01-15 18:00:00,0.50
09,2020-01-15 20:00:00,0.50
09,2020-01-15 21:00:00,0.50
09,2020-01-15 22:00:00,0.83
09,2020-01-16 01:00:00,0.50
09,2020-01-16 03:00:00,0.50
09,2020-01-16 04:00:00,0.50
09,2020-01-16 05:00:00,0.50
09,2020-01-16 07:00:00,0.50
09,2020-01-16 08:00:00,0.50
09,2020-01-17 04:00:00,0.50
09,2020-01-17 05:00:00,0.50
09,2020-01-17 06:00:00,0.67
09,2020-01-17 07:00:00,0.75
09,2020-01-17 08:00:00,0.62
09,2020-01-17 09:00:00,0.50
09,2020-01-17 10:00:00,0.50
09,2020-01-17 11:00:00,0.50
09,2020-01-17 12:00:00,0.67
09,2020-01-17 13:00:00,0.67
09,2020-01-17 14:00:00,1.00
09,2020-01-17 15:00:00,0.83
09,2020-01-17 16:00:00,0.83
09,2020-01-17 17:00:00,0.83
09,2020-01-17 18:00:00,0.75
09,2020-01-17 19:00:00,1.10
09,2020-01-17 20:00:00,0.90
09,2020-01-17 21:00:00,0.80
09,2020-01-17 22:00:00,0.88
09,2020-01-17 23:00:00,0.90
09,2020-01-18 00:00:00,0.75
09,2020-01-18 01:00:00,0.92
09,2020-01-18 02:00:00,0.75
09,2020-01-18 03:00:00,0.70
09,2020-01-18 04:00:00,0.50
09,2020-01-18 05:00:00,0.50
09,2020-01-18 06:00:00,0.50
09,2020-01-18 07:00:00,0.50
09,2020-01-18 15:00:00,0.50
09,2020-01-18 16:00:00,0.50
09,2020-01-18 17:00:00,0.50
09,2020-01-18 18:00:00,0.50
09,2020-01-19 01:00:00,0.50
09,2020-01-19 02:00:00,0.50
09,2020-01-19 07:00:00,0.50
09,2020-01-19 08:00:00,0.50
09,2020-01-19 09:00:00,0.50
09,2020-01-19 12:00:00,0.50
09,2020-01-19 13:00:00,0.50
09,2020-01-19 14:00:00,0.50
09,2020-01-19 19:00:00,0.50
09,2020-01-19 20:00:00,0.50
09,2020-01-19 21:00:00,0.50
09,2020-01-20 00:00:00,0.50
09,2020-01-20 01:00:00,0.50
09,2020-01-23 05:00:00,0.50
09,2020-01-24 07:00:00,0.50
09,2020-01-24 11:00:00,0.50
09,2020-01-24 12:00:00,1.00
09,2020-01-24 18:00:00,1.75
09,2020-01-24 19:00:00,1.25
09,2020-01-24 20:00:00,0.75
09,2020-01-24 22:00:00,0.50
09,2020-01-25 00:00:00,0.83
09,2020-01-25 01:00:00,1.20
09,2020-01-25 02:00:00,0.50
09,2020-01-25 03:00:00,0.80
09,2020-01-25 04:00:00,1.38
09,2020-01-25 05:00:00,0.75
09,2020-01-25 07:00:00,1.75
09,2020-01-25 08:00:00,0.50
09,2020-01-25 23:00:00,0.50
09,2020-01-26 00:00:00,0.50
09,2020-01-26 01:00:00,0.50
09,2020-01-26 02:00:00,0.50
09,2020-01-26 03:00:00,0.75
09,2020-01-26 04:00:00,0.80
09,2020-01-26 05:00:00,2.50
09,2020-01-26 06:00:00,1.25
09,2020-01-26 07:00:00,2.58
09,2020-01-26 08:00:00,2.67
09,2020-01-26 09:00:00,4.67
09,2020-01-26 10:00:00,4.25
09,2020-01-26 11:00:00,2.33
09,2020-01-26 12:00:00,1.67
09,2020-01-26 13:00:00,1.25
09,2020-01-26 14:00:00,0.62
09,2020-01-26 15:00:00,0.50
09,2020-01-26 16:00:00,0.80
09,2020-01-26 17:00:00,0.50
09,2020-01-26 18:00:00,1.10
09,2020-01-26 19:00:00,1.58
09,2020-01-26 20:00:00,1.00
09,2020-01-26 21:00:00,0.70
09,2020-01-27 01:00:00,0.90
09,2020-01-27 02:00:00,1.50
09,2020-01-27 03:00:00,0.90
09,2020-01-27 04:00:00,1.00
09,2020-01-27 05:00:00,0.80
09,2020-01-27 06:00:00,0.75
09,2020-01-27 07:00:00,0.80
09,2020-01-27 08:00:00,0.70
09,2020-01-27 09:00:00,0.62
09,2020-01-27 10:00:00,1.00
09,2020-01-27 11:00:00,1.00
09,2020-01-27 12:00:00,0.67
09,2020-01-27 13:00:00,0.50
09,2020-01-27 14:00:00,0.50
09,2020-01-27 16:00:00,0.50
09,2020-01-27 18:00:00,0.50
09,2020-01-27 19:00:00,0.50
09,2020-01-28 00:00:00,0.50
09,2020-01-28 02:00:00,0.50
09,2020-01-28 03:00:00,0.67
09,2020-01-28 04:00:00,0.92
09,2020-01-28 05:00:00,0.80
09,2020-01-28 06:00:00,0.75
09,2020-01-28 07:00:00,0.67
09,2020-01-28 08:00:00,0.83
09,2020-01-28 09:00:00,0.50
09,2020-01-28 10:00:00,0.50
09,2020-01-28 11:00:00,0.50
09,2020-01-28 12:00:00,0.50
09,2020-01-28 13:00:00,0.50
09,2020-01-28 14:00:00,0.50
09,2020-01-28 15:00:00,0.50
09,2020-01-28 16:00:00,0.50
09,2020-01-28 17:00:00,0.50
09,2020-01-28 18:00:00,0.50
09,2020-01-28 19:00:00,0.60
09,2020-01-28 20:00:00,0.90
09,2020-01-28 21:00:00,1.08
09,2020-01-28 22:00:00,0.62
09,2020-01-28 23:00:00,0.50
09,2020-01-29 03:00:00,0.50
09,2020-01-29 07:00:00,0.50
09,2020-01-29 10:00:00,0.50
09,2020-01-29 13:00:00,0.50
09,2020-01-29 14:00:00,0.50
09,2020-01-29 15:00:00,0.50
09,2020-02-02 08:00:00,0.50
09,2020-02-03 14:00:00,2.00
09,2020-02-03 15:00:00,0.50
09,2020-02-03 16:00:00,0.50
09,2020-02-03 17:00:00,1.50
09,2020-02-03 18:00:00,0.90
09,2020-02-03 19:00:00,2.00
09,2020-02-03 20:00:00,1.38
09,2020-02-03 21:00:00,1.33
09,2020-02-03 22:00:00,0.92
09,2020-02-03 23:00:00,0.75
09,2020-02-04 00:00:00,1.38
09,2020-02-04 01:00:00,1.00
09,2020-02-04 02:00:00,1.08
09,2020-02-04 03:00:00,1.00
09,2020-02-04 04:00:00,1.17
09,2020-02-04 05:00:00,1.10
09,2020-02-04 06:00:00,1.92
09,2020-02-04 07:00:00,3.67
09,2020-02-04 08:00:00,0.90
09,2020-02-04 09:00:00,0.80
09,2020-02-04 10:00:00,0.75
09,2020-02-04 11:00:00,0.50
09,2020-02-04 12:00:00,0.50
09,2020-02-04 15:00:00,0.50
09,2020-02-04 16:00:00,0.50
09,2020-02-04 18:00:00,0.50
09,2020-02-04 19:00:00,0.50
09,2020-02-04 20:00:00,0.50
09,2020-02-04 21:00:00,1.25
09,2020-02-04 22:00:00,1.00
09,2020-02-04 23:00:00,1.17
09,2020-02-05 00:00:00,3.33
09,2020-02-05 01:00:00,0.90
09,2020-02-05 02:00:00,2.17
09,2020-02-05 03:00:00,1.42
09,2020-02-05 04:00:00,0.80
09,2020-02-05 05:00:00,1.17
09,2020-02-05 06:00:00,0.83
09,2020-02-05 07:00:00,0.92
09,2020-02-05 08:00:00,1.50
09,2020-02-05 09:00:00,1.25
09,2020-02-05 10:00:00,1.33
09,2020-02-05 11:00:00,0.67
09,2020-02-05 12:00:00,0.75
09,2020-02-05 13:00:00,0.50
09,2020-02-05 14:00:00,0.50
09,2020-02-05 17:00:00,0.50
09,2020-02-05 18:00:00,0.50
09,2020-02-05 19:00:00,0.50
09,2020-02-05 20:00:00,0.75
09,2020-02-05 21:00:00,1.00
09,2020-02-05 22:00:00,0.62
09,2020-02-05 23:00:00,0.67
09,2020-02-06 00:00:00,0.50
09,2020-02-06 01:00:00,0.50
09,2020-02-06 02:00:00,0.50
09,2020-02-06 03:00:00,0.50
09,2020-02-06 04:00:00,0.50
09,2020-02-06 05:00:00,0.50
09,2020-02-06 06:00:00,1.25
09,2020-02-06 07:00:00,1.50
09,2020-02-06 08:00:00,0.88
09,2020-02-06 09:00:00,1.00
09,2020-02-06 10:00:00,9.00
09,2020-02-06 11:00:00,1.25
09,2020-02-06 12:00:00,1.00
09,2020-02-06 13:00:00,0.75
09,2020-02-06 14:00:00,0.50
09,2020-02-06 15:00:00,0.50
09,2020-02-06 16:00:00,0.50
09,2020-02-06 17:00:00,0.50
09,2020-02-06 18:00:00,1.00
09,2020-02-06 19:00:00,1.25
09,2020-02-06 20:00:00,0.50
09,2020-02-07 03:00:00,0.75
09,2020-02-07 04:00:00,0.50
09,2020-02-07 07:00:00,0.50
09,2020-02-07 08:00:00,0.90
09,2020-02-07 09:00:00,0.50
09,2020-02-07 12:00:00,0.50
09,2020-02-07 13:00:00,0.50
09,2020-02-07 14:00:00,0.67
09,2020-02-07 15:00:00,0.50
09,2020-02-07 16:00:00,0.83
09,2020-02-07 17:00:00,0.50
09,2020-02-07 18:00:00,0.50
09,2020-02-07 19:00:00,0.50
09,2020-02-07 20:00:00,0.50
09,2020-02-07 21:00:00,0.50
09,2020-02-07 22:00:00,0.50
09,2020-02-07 23:00:00,0.50
09,2020-02-08 00:00:00,0.50
09,2020-02-08 01:00:00,0.50
09,2020-02-08 02:00:00,0.50
09,2020-02-08 04:00:00,0.50
09,2020-02-08 05:00:00,0.50
09,2020-02-08 08:00:00,0.50
09,2020-02-08 10:00:00,0.50
09,2020-02-08 11:00:00,0.50
09,2020-02-08 12:00:00,0.50
09,2020-02-08 17:00:00,0.50
09,2020-02-08 19:00:00,0.50
09,2020-02-08 22:00:00,0.50
09,2020-02-09 04:00:00,0.50
09,2020-02-09 05:00:00,0.50
09,2020-02-09 06:00:00,0.50
09,2020-02-09 07:00:00,0.50
09,2020-02-09 09:00:00,0.50
09,2020-02-09 10:00:00,0.50
09,2020-02-09 11:00:00,0.50
09,2020-02-09 12:00:00,0.50
09,2020-02-09 19:00:00,0.50
09,2020-02-10 03:00:00,0.50
09,2020-02-10 10:00:00,0.50
09,2020-02-13 03:00:00,0.50
09,2020-02-13 19:00:00,2.40
09,2020-02-14 04:00:00,0.50
09,2020-02-14 14:00:00,0.50
09,2020-02-14 16:00:00,4.83
09,2020-02-14 17:00:00,1.20
09,2020-02-15 03:00:00,0.50
09,2020-02-15 10:00:00,0.50
09,2020-02-16 04:00:00,0.50
09,2020-02-16 05:00:00,0.70
09,2020-02-16 06:00:00,0.75
09,2020-02-16 07:00:00,1.00
09,2020-02-16 08:00:00,0.67
09,2020-02-16 09:00:00,0.50
09,2020-02-16 10:00:00,1.00
09,2020-02-16 11:00:00,0.83
09,2020-02-16 13:00:00,0.75
09,2020-02-16 14:00:00,1.12
09,2020-02-16 15:00:00,1.12
09,2020-02-16 16:00:00,0.50
09,2020-02-16 17:00:00,1.00
09,2020-02-16 18:00:00,1.00
09,2020-02-16 19:00:00,1.33
09,2020-02-16 20:00:00,0.62
09,2020-02-16 21:00:00,0.50
09,2020-02-16 23:00:00,0.50
09,2020-02-17 00:00:00,0.50
09,2020-02-17 01:00:00,0.50
09,2020-02-18 07:00:00,0.50
09,2020-02-19 13:00:00,0.50
09,2020-02-20 17:00:00,0.50
09,2020-02-20 18:00:00,1.00
09,2020-02-20 19:00:00,0.50
09,2020-02-20 20:00:00,1.00
09,2020-02-20 21:00:00,1.50
09,2020-02-20 22:00:00,2.00
09,2020-02-21 03:00:00,0.50
09,2020-02-22 12:00:00,0.50
09,2020-02-22 13:00:00,2.75
09,2020-02-22 14:00:00,1.50
09,2020-02-22 16:00:00,1.33
09,2020-02-22 17:00:00,1.30
09,2020-02-22 18:00:00,1.17
09,2020-02-22 19:00:00,1.20
09,2020-02-22 20:00:00,1.42
09,2020-02-22 21:00:00,1.70
09,2020-02-22 22:00:00,1.25
09,2020-02-22 23:00:00,0.92
09,2020-02-23 00:00:00,1.12
09,2020-02-23 01:00:00,1.00
09,2020-02-23 02:00:00,0.62
09,2020-02-23 03:00:00,0.75
09,2020-02-23 13:00:00,0.50
09,2020-02-23 15:00:00,0.50
09,2020-02-23 17:00:00,0.50
09,2020-02-23 19:00:00,0.50
09,2020-02-23 22:00:00,1.00
09,2020-02-23 23:00:00,0.50
09,2020-02-24 00:00:00,1.33
09,2020-02-24 01:00:00,1.75
09,2020-02-24 02:00:00,1.00
09,2020-02-24 03:00:00,2.00
09,2020-02-24 04:00:00,1.75
09,2020-02-24 05:00:00,0.50
09,2020-02-24 06:00:00,0.50
09,2020-02-24 07:00:00,1.50
09,2020-02-24 08:00:00,1.00
09,2020-02-24 09:00:00,2.00
09,2020-02-24 10:00:00,0.75
09,2020-02-26 07:00:00,0.50
09,2020-02-26 09:00:00,0.50
09,2020-02-27 11:00:00,1.50
09,2020-02-27 12:00:00,0.50
09,2020-02-27 14:00:00,0.50
09,2020-02-27 15:00:00,0.50
09,2020-02-27 16:00:00,1.00
09,2020-02-27 17:00:00,0.67
09,2020-02-27 18:00:00,0.83
09,2020-02-27 19:00:00,3.00
09,2020-02-27 20:00:00,1.00
09,2020-02-27 21:00:00,1.00
09,2020-02-27 22:00:00,0.50
09,2020-02-27 23:00:00,0.50
09,2020-02-28 00:00:00,0.50
09,2020-02-28 01:00:00,0.62
09,2020-02-28 02:00:00,0.75
09,2020-02-28 04:00:00,0.50
09,2020-02-28 05:00:00,0.50
09,2020-02-28 06:00:00,0.50
09,2020-02-28 07:00:00,0.50
09,2020-02-28 08:00:00,0.75
09,2020-02-28 09:00:00,1.25
09,2020-02-28 10:00:00,0.50
09,2020-02-28 11:00:00,1.00
09,2020-02-28 12:00:00,0.50
09,2020-02-29 07:00:00,0.50
09,2020-02-29 13:00:00,0.50
09,2020-03-01 06:00:00,0.50
09,2020-03-01 19:00:00,0.50
09,2020-03-01 20:00:00,1.00
09,2020-03-01 21:00:00,1.20
09,2020-03-01 22:00:00,1.25
09,2020-03-01 23:00:00,0.50
09,2020-03-02 00:00:00,0.75
09,2020-03-02 01:00:00,0.67
09,2020-03-02 02:00:00,0.75
09,2020-03-02 03:00:00,0.50
09,2020-03-02 04:00:00,0.50
09,2020-03-02 05:00:00,0.50
09,2020-03-02 06:00:00,0.75
09,2020-03-02 07:00:00,0.67
09,2020-03-02 08:00:00,0.50
09,2020-03-02 09:00:00,0.50
09,2020-03-02 12:00:00,0.50
09,2020-03-02 13:00:00,0.50
09,2020-03-02 16:00:00,0.50
09,2020-03-03 00:00:00,0.50
09,2020-03-03 01:00:00,0.50
09,2020-03-03 16:00:00,0.50
09,2020-03-04 10:00:00,2.00
09,2020-03-04 11:00:00,0.75
09,2020-03-04 12:00:00,0.50
09,2020-03-04 13:00:00,1.00
09,2020-03-04 14:00:00,0.83
09,2020-03-04 15:00:00,0.50
09,2020-03-04 16:00:00,0.67
09,2020-03-04 17:00:00,1.50
09,2020-03-04 18:00:00,0.75
09,2020-03-04 19:00:00,0.62
09,2020-03-04 20:00:00,1.38
09,2020-03-04 21:00:00,0.83
09,2020-03-04 22:00:00,0.50
09,2020-03-04 23:00:00,0.83
09,2020-03-05 00:00:00,1.00
09,2020-03-05 01:00:00,2.75
09,2020-03-05 02:00:00,1.17
09,2020-03-05 03:00:00,1.67
09,2020-03-05 04:00:00,2.08
09,2020-03-05 05:00:00,3.33
09,2020-03-05 06:00:00,1.33
09,2020-03-05 07:00:00,1.33
09,2020-03-05 08:00:00,1.42
09,2020-03-05 09:00:00,1.42
09,2020-03-05 10:00:00,0.50
09,2020-03-05 11:00:00,0.50
09,2020-03-05 12:00:00,0.50
09,2020-03-05 14:00:00,0.67
09,2020-03-05 15:00:00,0.50
09,2020-03-05 16:00:00,0.50
09,2020-03-05 17:00:00,0.50
09,2020-03-05 18:00:00,0.50
09,2020-03-05 19:00:00,0.50
09,2020-03-05 20:00:00,0.50
09,2020-03-05 21:00:00,0.50
09,2020-03-05 22:00:00,0.50
09,2020-03-05 23:00:00,0.75
09,2020-03-06 00:00:00,0.50
09,2020-03-06 03:00:00,0.50
09,2020-03-06 06:00:00,0.50
09,2020-03-08 13:00:00,0.50
09,2020-03-08 15:00:00,0.50
09,2020-03-08 16:00:00,1.00
09,2020-03-08 17:00:00,0.75
09,2020-03-08 18:00:00,0.75
09,2020-03-08 19:00:00,2.25
09,2020-03-08 20:00:00,2.40
09,2020-03-08 21:00:00,2.38
09,2020-03-08 22:00:00,1.12
09,2020-03-08 23:00:00,2.50
09,2020-03-09 01:00:00,0.50
09,2020-03-09 06:00:00,0.50
09,2020-03-09 10:00:00,0.50
09,2020-03-09 23:00:00,0.50
09,2020-03-10 00:00:00,0.50
09,2020-03-10 01:00:00,0.50
09,2020-03-10 02:00:00,0.50
09,2020-03-10 03:00:00,2.30
09,2020-03-10 04:00:00,15.92
09,2020-03-10 05:00:00,12.42
09,2020-03-10 06:00:00,4.33
09,2020-03-10 07:00:00,4.08
09,2020-03-10 08:00:00,0.70
09,2020-03-10 09:00:00,1.83
09,2020-03-10 10:00:00,0.62
09,2020-03-10 11:00:00,0.83
09,2020-03-10 12:00:00,0.90
09,2020-03-10 13:00:00,0.67
09,2020-03-10 14:00:00,0.62
09,2020-03-10 15:00:00,0.50
09,2020-03-10 16:00:00,0.50
09,2020-03-10 17:00:00,0.50
09,2020-03-10 18:00:00,0.50
09,2020-03-10 19:00:00,0.50
09,2020-03-11 20:00:00,0.50
09,2020-03-11 21:00:00,0.50
09,2020-03-12 01:00:00,0.50
09,2020-03-12 03:00:00,0.50
09,2020-03-12 06:00:00,0.50
09,2020-03-12 09:00:00,0.50
09,2020-03-13 02:00:00,0.50
09,2020-03-13 03:00:00,0.50
09,2020-03-13 05:00:00,1.20
09,2020-03-13 06:00:00,1.00
09,2020-03-13 07:00:00,0.90
09,2020-03-13 08:00:00,0.75
09,2020-03-13 09:00:00,0.50
09,2020-03-13 10:00:00,0.50
09,2020-03-13 11:00:00,5.75
09,2020-03-13 12:00:00,6.10
09,2020-03-13 13:00:00,0.67
09,2020-03-13 14:00:00,0.50
09,2020-03-13 16:00:00,0.50
09,2020-03-13 17:00:00,0.50
09,2020-03-13 18:00:00,0.50
09,2020-03-13 19:00:00,0.50
09,2020-03-13 20:00:00,0.50
09,2020-03-13 21:00:00,0.83
09,2020-03-13 22:00:00,0.62
09,2020-03-13 23:00:00,1.25
09,2020-03-14 00:00:00,1.75
09,2020-03-14 01:00:00,2.40
09,2020-03-14 02:00:00,3.80
09,2020-03-14 03:00:00,3.00
09,2020-03-14 04:00:00,3.12
09,2020-03-14 05:00:00,0.62
09,2020-03-14 06:00:00,0.88
09,2020-03-14 08:00:00,0.50
09,2020-03-14 09:00:00,0.50
09,2020-03-14 10:00:00,0.62
09,2020-03-14 11:00:00,1.00
09,2020-03-14 12:00:00,0.60
09,2020-03-14 13:00:00,0.50
09,2020-03-14 14:00:00,0.50
09,2020-03-14 15:00:00,0.50
09,2020-03-14 18:00:00,0.50
09,2020-03-18 06:00:00,0.67
09,2020-03-18 11:00:00,0.50
09,2020-03-18 17:00:00,0.50
09,2020-03-18 18:00:00,0.50
09,2020-03-18 19:00:00,0.50
09,2020-03-18 21:00:00,0.50
09,2020-03-19 05:00:00,0.50
09,2020-03-19 09:00:00,1.50
09,2020-03-19 10:00:00,0.75
09,2020-03-19 11:00:00,0.50
09,2020-03-19 13:00:00,0.50
09,2020-03-19 15:00:00,0.50
09,2020-03-19 17:00:00,0.62
09,2020-03-19 18:00:00,0.50
09,2020-03-19 19:00:00,1.50
09,2020-03-19 20:00:00,1.83
09,2020-03-19 21:00:00,0.83
09,2020-03-20 11:00:00,0.50
09,2020-03-21 07:00:00,0.50
09,2020-03-22 08:00:00,0.50
09,2020-03-22 23:00:00,0.50
09,2020-03-23 00:00:00,0.50
09,2020-03-23 01:00:00,0.50
09,2020-03-23 02:00:00,0.50
09,2020-03-23 09:00:00,0.50
09,2020-03-23 10:00:00,0.50
09,2020-03-23 11:00:00,0.50
09,2020-03-23 12:00:00,0.50
09,2020-03-23 13:00:00,0.50
09,2020-03-23 23:00:00,1.33
09,2020-03-24 00:00:00,1.00
09,2020-03-24 08:00:00,0.50
09,2020-03-24 11:00:00,0.50
09,2020-03-24 15:00:00,0.50
09,2020-03-24 16:00:00,0.50
09,2020-03-24 17:00:00,0.50
09,2020-03-24 18:00:00,1.00
09,2020-03-24 19:00:00,0.62
09,2020-03-24 20:00:00,0.50
09,2020-03-24 21:00:00,1.00
09,2020-03-24 22:00:00,0.50
09,2020-03-24 23:00:00,0.50
09,2020-03-25 00:00:00,1.00
09,2020-03-25 01:00:00,0.75
09,2020-03-25 02:00:00,0.50
09,2020-03-25 04:00:00,0.50
09,2020-03-25 05:00:00,0.50
09,2020-03-25 07:00:00,0.50
09,2020-03-25 08:00:00,0.50
09,2020-03-25 12:00:00,0.50
09,2020-03-25 13:00:00,3.00
09,2020-03-25 14:00:00,0.50
09,2020-03-25 20:00:00,0.50
09,2020-03-25 21:00:00,0.75
09,2020-03-26 06:00:00,0.50
09,2020-03-27 14:00:00,11.00
09,2020-03-27 15:00:00,6.67
09,2020-03-27 16:00:00,3.88
09,2020-03-27 17:00:00,0.60
09,2020-03-27 18:00:00,0.50
09,2020-03-27 20:00:00,2.38
09,2020-03-27 21:00:00,8.75
09,2020-03-27 22:00:00,0.62
09,2020-03-27 23:00:00,0.50
09,2020-03-28 01:00:00,0.50
09,2020-03-28 04:00:00,0.50
09,2020-03-28 05:00:00,1.20
09,2020-03-28 06:00:00,0.50
09,2020-03-28 07:00:00,1.25
09,2020-03-28 08:00:00,5.25
09,2020-03-28 09:00:00,1.00
09,2020-03-28 10:00:00,5.58
09,2020-03-28 11:00:00,6.33
09,2020-03-28 12:00:00,1.30
09,2020-03-28 13:00:00,2.08
09,2020-03-28 14:00:00,0.67
09,2020-03-28 15:00:00,0.67
09,2020-03-28 16:00:00,1.00
09,2020-03-28 17:00:00,0.50
09,2020-03-28 18:00:00,1.00
09,2020-03-28 19:00:00,0.50
09,2020-03-28 20:00:00,0.50
09,2020-03-28 21:00:00,0.50
09,2020-03-28 22:00:00,0.75
09,2020-03-28 23:00:00,0.58
09,2020-03-29 00:00:00,0.50
09,2020-03-29 01:00:00,0.50
09,2020-03-29 02:00:00,0.50
09,2020-03-29 03:00:00,0.50
09,2020-03-29 04:00:00,0.50
09,2020-03-29 05:00:00,0.50
09,2020-03-29 06:00:00,0.50
09,2020-03-29 07:00:00,0.50
09,2020-03-30 13:00:00,0.75
09,2020-03-30 18:00:00,0.62
09,2020-03-30 19:00:00,0.50
09,2020-03-30 20:00:00,0.50
09,2020-03-30 22:00:00,0.50
09,2020-03-31 00:00:00,0.50
09,2020-03-31 02:00:00,1.33
09,2020-03-31 03:00:00,1.67
09,2020-03-31 07:00:00,0.50
09,2020-03-31 09:00:00,0.50
09,2020-04-01 00:00:00,0.50
09,2020-04-01 01:00:00,0.50
09,2020-04-01 02:00:00,0.62
09,2020-04-01 03:00:00,0.70
09,2020-04-01 04:00:00,0.75
09,2020-04-01 05:00:00,0.70
09,2020-04-01 06:00:00,0.50
09,2020-04-01 07:00:00,0.75
09,2020-04-01 08:00:00,0.92
09,2020-04-01 09:00:00,0.67
09,2020-04-01 10:00:00,0.50
09,2020-04-01 11:00:00,0.60
09,2020-04-01 12:00:00,0.75
09,2020-04-01 13:00:00,0.50
09,2020-04-01 15:00:00,0.50
09,2020-04-01 20:00:00,0.50
09,2020-04-01 21:00:00,0.50
09,2020-04-01 22:00:00,0.50
09,2020-04-02 00:00:00,0.50
09,2020-04-02 03:00:00,0.50
09,2020-04-02 05:00:00,2.33
09,2020-04-02 06:00:00,2.50
09,2020-04-02 07:00:00,1.83
09,2020-04-02 08:00:00,1.08
09,2020-04-02 09:00:00,0.50
09,2020-04-02 10:00:00,0.58
09,2020-04-02 11:00:00,0.50
09,2020-04-02 13:00:00,0.50
09,2020-04-02 19:00:00,0.50
09,2020-04-03 02:00:00,0.50
09,2020-04-03 05:00:00,0.50
09,2020-04-03 17:00:00,0.50
09,2020-04-03 18:00:00,0.62
09,2020-04-03 19:00:00,2.50
09,2020-04-03 20:00:00,2.17
09,2020-04-03 21:00:00,2.58
09,2020-04-03 22:00:00,2.08
09,2020-04-03 23:00:00,0.70
09,2020-04-04 00:00:00,0.50
09,2020-04-04 02:00:00,0.50
09,2020-04-04 03:00:00,0.50
09,2020-04-04 05:00:00,0.50
09,2020-04-04 06:00:00,0.50
09,2020-04-04 07:00:00,0.75
09,2020-04-04 08:00:00,0.50
09,2020-04-04 10:00:00,0.50
09,2020-04-04 11:00:00,0.50
09,2020-04-04 12:00:00,0.50
09,2020-04-04 13:00:00,0.50
09,2020-04-04 14:00:00,0.50
09,2020-04-04 16:00:00,0.50
09,2020-04-04 17:00:00,0.67
09,2020-04-04 18:00:00,0.62
09,2020-04-04 19:00:00,0.50
09,2020-04-04 20:00:00,0.50
09,2020-04-05 15:00:00,0.88
09,2020-04-05 16:00:00,0.58
09,2020-04-05 17:00:00,0.50
09,2020-04-05 18:00:00,0.83
09,2020-04-05 19:00:00,0.50
09,2020-04-05 21:00:00,0.50
09,2020-04-05 23:00:00,0.50
09,2020-04-06 15:00:00,0.60
09,2020-04-06 16:00:00,2.00
09,2020-04-06 17:00:00,1.08
09,2020-04-06 18:00:00,0.50
09,2020-04-06 19:00:00,0.50
09,2020-04-06 20:00:00,0.50
09,2020-04-06 21:00:00,0.50
09,2020-04-06 22:00:00,0.92
09,2020-04-06 23:00:00,0.83
09,2020-04-07 00:00:00,2.50
09,2020-04-07 01:00:00,0.50
09,2020-04-07 02:00:00,0.92
09,2020-04-07 03:00:00,0.50
09,2020-04-07 04:00:00,0.83
09,2020-04-07 05:00:00,0.50
09,2020-04-07 06:00:00,0.50
09,2020-04-07 07:00:00,0.50
09,2020-04-07 08:00:00,0.50
09,2020-04-07 09:00:00,0.50
09,2020-04-07 10:00:00,0.50
09,2020-04-07 13:00:00,0.50
09,2020-04-07 14:00:00,0.50
09,2020-04-07 15:00:00,0.50
09,2020-04-07 16:00:00,0.67
09,2020-04-07 17:00:00,0.50
09,2020-04-07 18:00:00,0.50
09,2020-04-07 23:00:00,0.50
09,2020-04-08 01:00:00,0.50
09,2020-04-08 02:00:00,0.50
09,2020-04-08 12:00:00,0.50
09,2020-04-08 16:00:00,0.50
09,2020-04-09 03:00:00,0.50
09,2020-04-09 07:00:00,0.88
09,2020-04-09 08:00:00,0.67
09,2020-04-11 16:00:00,1.75
09,2020-04-11 17:00:00,4.33
09,2020-04-11 18:00:00,0.50
09,2020-04-11 19:00:00,0.50
09,2020-04-11 20:00:00,0.50
09,2020-04-11 21:00:00,0.50
09,2020-04-11 22:00:00,0.70
09,2020-04-11 23:00:00,5.83
09,2020-04-12 00:00:00,3.92
09,2020-04-12 01:00:00,1.33
09,2020-04-12 02:00:00,2.25
09,2020-04-12 03:00:00,2.50
09,2020-04-12 04:00:00,1.20
09,2020-04-12 05:00:00,1.00
09,2020-04-12 06:00:00,0.62
09,2020-04-12 07:00:00,0.62
09,2020-04-12 08:00:00,0.50
09,2020-04-12 09:00:00,1.00
09,2020-04-12 10:00:00,0.92
09,2020-04-12 11:00:00,1.00
09,2020-04-12 12:00:00,0.83
09,2020-04-12 13:00:00,1.12
09,2020-04-12 14:00:00,0.50
09,2020-04-13 06:00:00,0.50
09,2020-04-13 10:00:00,0.50
09,2020-04-15 06:00:00,0.50
09,2020-04-16 03:00:00,0.50
09,2020-04-16 06:00:00,0.50
09,2020-04-16 10:00:00,0.50
09,2020-04-16 11:00:00,0.50
09,2020-04-20 08:00:00,0.75
09,2020-04-20 09:00:00,0.50
09,2020-04-20 10:00:00,0.50
09,2020-04-20 11:00:00,0.50
09,2020-04-20 12:00:00,0.50
09,2020-04-20 13:00:00,0.50
09,2020-04-20 14:00:00,0.50
09,2020-04-20 20:00:00,0.50
09,2020-04-21 05:00:00,0.50
09,2020-04-21 13:00:00,0.50
09,2020-04-21 15:00:00,0.50
09,2020-04-21 16:00:00,0.50
09,2020-04-21 17:00:00,0.50
09,2020-04-21 18:00:00,0.50
09,2020-04-21 19:00:00,0.50
09,2020-04-21 20:00:00,0.50
09,2020-04-21 22:00:00,0.75
09,2020-04-21 23:00:00,1.00
09,2020-04-22 00:00:00,0.67
09,2020-04-22 01:00:00,0.83
09,2020-04-22 02:00:00,1.25
09,2020-04-22 03:00:00,0.88
09,2020-04-22 04:00:00,0.67
09,2020-04-22 05:00:00,0.50
09,2020-04-22 06:00:00,0.50
09,2020-04-22 07:00:00,0.88
09,2020-04-22 08:00:00,1.50
09,2020-04-22 09:00:00,1.50
09,2020-04-22 10:00:00,0.88
09,2020-04-22 11:00:00,2.50
09,2020-04-22 12:00:00,1.25
09,2020-04-22 13:00:00,1.00
09,2020-04-22 14:00:00,0.50
09,2020-04-22 15:00:00,1.00
09,2020-04-22 16:00:00,1.50
09,2020-04-22 17:00:00,0.83
09,2020-04-22 18:00:00,0.67
09,2020-04-22 19:00:00,0.75
09,2020-04-22 20:00:00,0.75
09,2020-04-22 21:00:00,1.00
09,2020-04-22 22:00:00,0.75
09,2020-04-22 23:00:00,1.17
09,2020-04-23 00:00:00,1.42
09,2020-04-23 01:00:00,1.00
09,2020-04-23 02:00:00,0.80
09,2020-04-23 03:00:00,0.67
09,2020-04-23 04:00:00,4.00
09,2020-04-23 05:00:00,2.17
09,2020-04-23 06:00:00,3.17
09,2020-04-23 07:00:00,3.42
09,2020-04-23 08:00:00,3.08
09,2020-04-23 09:00:00,0.80
09,2020-04-23 10:00:00,0.83
09,2020-04-23 11:00:00,0.67
09,2020-04-23 12:00:00,1.00
09,2020-04-23 13:00:00,0.50
09,2020-04-23 14:00:00,0.50
09,2020-04-23 15:00:00,0.50
09,2020-04-23 17:00:00,1.00
09,2020-04-23 18:00:00,0.62
09,2020-04-23 19:00:00,0.70
09,2020-04-23 20:00:00,1.25
09,2020-04-23 21:00:00,2.58
09,2020-04-23 22:00:00,1.42
09,2020-04-23 23:00:00,1.70
09,2020-04-24 00:00:00,1.83
09,2020-04-24 01:00:00,2.33
09,2020-04-24 02:00:00,2.42
09,2020-04-24 03:00:00,3.08
09,2020-04-24 04:00:00,1.50
09,2020-04-24 05:00:00,1.50
09,2020-04-24 06:00:00,1.75
09,2020-04-24 07:00:00,1.08
09,2020-04-24 08:00:00,0.80
09,2020-04-24 09:00:00,0.67
09,2020-04-24 10:00:00,1.17
09,2020-04-24 11:00:00,1.00
09,2020-04-24 12:00:00,0.80
09,2020-04-24 13:00:00,0.83
09,2020-04-24 14:00:00,0.75
09,2020-04-24 15:00:00,0.75
09,2020-04-24 16:00:00,0.58
09,2020-04-24 17:00:00,0.50
09,2020-04-24 18:00:00,0.50
09,2020-04-24 19:00:00,0.50
09,2020-04-25 01:00:00,0.50
09,2020-04-26 13:00:00,0.75
09,2020-04-26 18:00:00,0.50
09,2020-04-26 19:00:00,0.50
09,2020-04-27 06:00:00,0.50
09,2020-04-27 07:00:00,0.50
09,2020-04-27 08:00:00,0.50
09,2020-04-27 13:00:00,0.50
09,2020-04-27 18:00:00,0.50
09,2020-04-27 20:00:00,0.92
09,2020-04-27 21:00:00,0.50
09,2020-04-27 22:00:00,1.00
09,2020-04-28 14:00:00,0.50
09,2020-04-28 15:00:00,1.50
09,2020-04-28 16:00:00,1.50
09,2020-04-28 17:00:00,0.50
09,2020-04-28 18:00:00,0.50
09,2020-04-28 19:00:00,0.50
09,2020-04-28 20:00:00,1.00
09,2020-04-28 21:00:00,0.50
09,2020-05-01 20:00:00,4.50
09,2020-05-01 21:00:00,3.00
09,2020-05-02 04:00:00,0.50
09,2020-05-03 19:00:00,1.50
09,2020-05-06 13:00:00,0.75
09,2020-05-06 14:00:00,0.50
09,2020-05-06 15:00:00,1.67
09,2020-05-06 16:00:00,0.50
09,2020-05-06 17:00:00,0.50
09,2020-05-06 18:00:00,0.50
09,2020-05-06 19:00:00,0.50
09,2020-05-06 20:00:00,0.50
09,2020-05-06 21:00:00,0.50
09,2020-05-06 23:00:00,0.50
09,2020-05-07 01:00:00,0.50
09,2020-05-07 02:00:00,0.50
09,2020-05-07 03:00:00,0.50
09,2020-05-07 04:00:00,0.50
09,2020-05-07 05:00:00,1.00
09,2020-05-07 06:00:00,9.58
09,2020-05-07 13:00:00,0.50
09,2020-05-08 16:00:00,0.50
09,2020-05-08 17:00:00,0.50
09,2020-05-08 19:00:00,1.12
09,2020-05-08 21:00:00,0.50
09,2020-05-09 10:00:00,0.50
09,2020-05-10 00:00:00,0.50
09,2020-05-10 13:00:00,0.50
09,2020-05-10 14:00:00,0.50
09,2020-05-10 15:00:00,0.50
09,2020-05-10 17:00:00,2.83
09,2020-05-10 18:00:00,0.50
09,2020-05-10 19:00:00,1.50
09,2020-05-10 20:00:00,8.25
09,2020-05-10 21:00:00,18.33
09,2020-05-10 22:00:00,1.25
09,2020-05-11 01:00:00,0.50
09,2020-05-11 05:00:00,1.00
09,2020-05-11 06:00:00,0.50
09,2020-05-11 08:00:00,0.50
09,2020-05-11 09:00:00,0.50
09,2020-05-11 10:00:00,0.50
09,2020-05-12 10:00:00,1.12
09,2020-05-12 11:00:00,3.25
09,2020-05-12 12:00:00,4.08
09,2020-05-12 13:00:00,2.67
09,2020-05-12 14:00:00,0.67
09,2020-05-12 15:00:00,0.50
09,2020-05-12 17:00:00,0.50
09,2020-05-14 04:00:00,0.50
09,2020-05-14 18:00:00,1.00
09,2020-05-14 19:00:00,0.50
09,2020-05-14 20:00:00,0.50
09,2020-05-15 15:00:00,1.00
09,2020-05-15 16:00:00,0.75
09,2020-05-16 13:00:00,9.60
09,2020-05-16 14:00:00,28.58
09,2020-05-16 15:00:00,9.25
09,2020-05-16 16:00:00,4.00
09,2020-05-16 17:00:00,1.10
09,2020-05-16 18:00:00,0.83
09,2020-05-16 19:00:00,1.30
09,2020-05-16 20:00:00,0.92
09,2020-05-16 21:00:00,0.50
09,2020-05-17 04:00:00,0.50
09,2020-05-17 14:00:00,3.50
09,2020-05-17 15:00:00,0.50
09,2020-05-18 10:00:00,0.90
09,2020-05-18 11:00:00,1.92
09,2020-05-18 12:00:00,1.75
09,2020-05-18 13:00:00,0.50
09,2020-05-18 16:00:00,0.50
09,2020-05-18 19:00:00,0.50
09,2020-05-18 20:00:00,0.50
09,2020-05-18 21:00:00,0.50
09,2020-05-19 01:00:00,0.50
09,2020-05-19 07:00:00,0.50
09,2020-05-19 08:00:00,0.75
09,2020-05-19 09:00:00,0.92
09,2020-05-19 10:00:00,0.50
09,2020-05-19 11:00:00,1.25
09,2020-05-19 12:00:00,0.88
09,2020-05-19 14:00:00,0.50
09,2020-05-19 15:00:00,0.50
09,2020-05-19 16:00:00,0.60
09,2020-05-19 17:00:00,0.50
09,2020-05-19 18:00:00,0.50
09,2020-05-20 06:00:00,2.00
09,2020-05-20 07:00:00,0.50
09,2020-05-20 11:00:00,0.50
09,2020-05-20 13:00:00,1.17
09,2020-05-20 14:00:00,2.08
09,2020-05-20 15:00:00,1.58
09,2020-05-20 16:00:00,2.25
09,2020-05-20 17:00:00,1.17
09,2020-05-20 21:00:00,0.50
09,2020-05-21 00:00:00,0.50
09,2020-05-21 01:00:00,0.50
09,2020-05-21 02:00:00,0.50
09,2020-05-21 12:00:00,0.50
09,2020-05-21 13:00:00,0.50
09,2020-05-21 14:00:00,1.00
09,2020-05-21 15:00:00,2.00
09,2020-05-21 16:00:00,1.20
09,2020-05-21 17:00:00,2.50
09,2020-05-21 18:00:00,3.92
09,2020-05-21 19:00:00,5.42
09,2020-05-21 20:00:00,25.58
09,2020-05-21 21:00:00,11.67
09,2020-05-21 22:00:00,2.75
09,2020-05-21 23:00:00,0.67
09,2020-05-22 00:00:00,2.00
09,2020-05-22 01:00:00,1.40
09,2020-05-22 02:00:00,1.42
09,2020-05-22 03:00:00,1.67
09,2020-05-22 04:00:00,0.50
09,2020-05-22 05:00:00,0.50
09,2020-05-22 09:00:00,0.50
09,2020-05-22 10:00:00,8.08
09,2020-05-22 11:00:00,1.00
09,2020-05-22 12:00:00,1.50
09,2020-05-22 13:00:00,3.92
09,2020-05-22 14:00:00,2.42
09,2020-05-22 15:00:00,1.00
09,2020-05-22 16:00:00,3.08
09,2020-05-22 17:00:00,5.75
09,2020-05-22 18:00:00,6.25
09,2020-05-22 19:00:00,4.33
09,2020-05-22 20:00:00,9.00
09,2020-05-22 21:00:00,2.58
09,2020-05-22 22:00:00,3.42
09,2020-05-22 23:00:00,2.50
09,2020-05-23 00:00:00,1.00
09,2020-05-23 01:00:00,0.67
09,2020-05-23 02:00:00,0.83
09,2020-05-23 03:00:00,1.80
09,2020-05-23 04:00:00,0.90
09,2020-05-23 05:00:00,1.17
09,2020-05-23 06:00:00,2.00
09,2020-05-23 07:00:00,1.33
09,2020-05-23 08:00:00,1.33
09,2020-05-23 09:00:00,2.25
09,2020-05-23 10:00:00,3.83
09,2020-05-23 11:00:00,1.58
09,2020-05-23 12:00:00,0.83
09,2020-05-23 13:00:00,1.00
09,2020-05-23 14:00:00,0.50
09,2020-05-23 15:00:00,0.50
09,2020-05-23 16:00:00,0.50
09,2020-05-23 17:00:00,0.50
09,2020-05-23 18:00:00,0.80
09,2020-05-23 19:00:00,0.50
09,2020-05-23 20:00:00,1.00
09,2020-05-23 21:00:00,0.50
09,2020-05-24 04:00:00,0.50
09,2020-05-24 06:00:00,0.50
09,2020-05-24 07:00:00,1.00
09,2020-05-24 08:00:00,0.50
09,2020-05-24 11:00:00,0.50
09,2020-05-24 13:00:00,0.50
09,2020-05-25 06:00:00,0.50
09,2020-05-25 09:00:00,0.50
09,2020-05-25 13:00:00,0.75
09,2020-05-25 14:00:00,4.62
09,2020-05-25 15:00:00,20.25
09,2020-05-25 16:00:00,5.67
09,2020-05-25 17:00:00,3.00
09,2020-05-25 18:00:00,0.50
09,2020-05-26 03:00:00,0.50
09,2020-05-26 15:00:00,2.08
09,2020-05-26 16:00:00,1.25
09,2020-05-26 23:00:00,0.50
09,2020-05-27 00:00:00,0.50
09,2020-05-27 05:00:00,0.50
09,2020-05-27 07:00:00,0.50
09,2020-05-27 08:00:00,1.42
09,2020-05-27 09:00:00,0.75
09,2020-05-27 10:00:00,1.20
09,2020-05-27 11:00:00,2.00
09,2020-05-27 12:00:00,0.50
09,2020-05-27 15:00:00,0.50
09,2020-05-27 17:00:00,0.50
09,2020-05-27 18:00:00,0.50
09,2020-05-27 19:00:00,0.50
09,2020-05-27 20:00:00,0.50
09,2020-05-27 22:00:00,0.50
09,2020-05-28 02:00:00,0.80
09,2020-05-28 03:00:00,8.33
09,2020-05-28 04:00:00,17.17
09,2020-05-28 05:00:00,11.42
09,2020-05-28 06:00:00,13.17
09,2020-05-28 07:00:00,3.25
09,2020-05-28 08:00:00,1.58
09,2020-05-28 09:00:00,8.92
09,2020-05-28 10:00:00,7.83
09,2020-05-28 11:00:00,5.50
09,2020-05-28 12:00:00,4.00
09,2020-05-28 13:00:00,7.42
09,2020-05-28 14:00:00,4.08
09,2020-05-28 15:00:00,1.00
09,2020-05-28 16:00:00,4.25
09,2020-05-28 17:00:00,7.25
09,2020-05-28 18:00:00,3.50
09,2020-05-28 19:00:00,1.10
09,2020-05-28 20:00:00,1.25
09,2020-05-28 21:00:00,0.50
09,2020-05-28 22:00:00,0.50
09,2020-05-29 01:00:00,0.50
09,2020-05-29 13:00:00,1.50
09,2020-05-29 14:00:00,16.90
09,2020-05-29 15:00:00,7.00
09,2020-05-29 16:00:00,7.08
09,2020-05-29 17:00:00,4.25
09,2020-05-29 18:00:00,1.67
09,2020-05-29 19:00:00,2.25
09,2020-05-29 20:00:00,0.50
09,2020-05-30 01:00:00,0.50
09,2020-05-30 12:00:00,3.00
09,2020-05-30 14:00:00,0.50
09,2020-05-30 16:00:00,0.50
09,2020-05-30 17:00:00,3.88
09,2020-05-30 18:00:00,9.00
09,2020-05-31 14:00:00,0.50
09,2020-05-31 15:00:00,0.50
09,2020-05-31 16:00:00,16.12
09,2020-05-31 17:00:00,21.88
09,2020-05-31 18:00:00,4.50
09,2020-05-31 19:00:00,2.62
09,2020-05-31 20:00:00,22.00
09,2020-05-31 21:00:00,15.17
09,2020-05-31 22:00:00,1.12
09,2020-06-01 01:00:00,7.00
09,2020-06-01 06:00:00,0.50
09,2020-06-01 12:00:00,1.50
09,2020-06-01 13:00:00,6.33
09,2020-06-01 14:00:00,6.30
09,2020-06-01 15:00:00,0.50
09,2020-06-01 20:00:00,0.75
09,2020-06-01 21:00:00,0.50
09,2020-06-01 23:00:00,0.50
09,2020-06-02 02:00:00,0.75
09,2020-06-02 03:00:00,1.25
09,2020-06-02 04:00:00,0.50
09,2020-06-02 10:00:00,0.50
09,2020-06-02 14:00:00,3.50
09,2020-06-02 15:00:00,4.25
09,2020-06-02 16:00:00,2.33
09,2020-06-02 17:00:00,2.60
09,2020-06-02 18:00:00,7.17
09,2020-06-02 19:00:00,4.50
09,2020-06-02 20:00:00,0.67
09,2020-06-03 06:00:00,0.50
09,2020-06-04 02:00:00,0.50
09,2020-06-05 18:00:00,5.90
09,2020-06-06 12:00:00,1.00
09,2020-06-06 13:00:00,3.75
09,2020-06-06 14:00:00,2.00
09,2020-06-06 15:00:00,9.50
09,2020-06-06 16:00:00,0.60
09,2020-06-06 17:00:00,0.50
09,2020-06-07 13:00:00,3.00
09,2020-06-07 14:00:00,3.33
09,2020-06-07 15:00:00,2.83
09,2020-06-07 16:00:00,2.08
09,2020-06-07 18:00:00,0.50
09,2020-06-07 19:00:00,0.75
09,2020-06-07 21:00:00,0.50
09,2020-06-07 22:00:00,0.50
09,2020-06-08 11:00:00,0.50
09,2020-06-08 12:00:00,0.50
09,2020-06-08 15:00:00,0.50
09,2020-06-08 16:00:00,0.75
09,2020-06-08 17:00:00,0.50
09,2020-06-08 18:00:00,0.50
09,2020-06-08 19:00:00,0.75
09,2020-06-08 22:00:00,0.50
09,2020-06-09 07:00:00,0.50
09,2020-06-09 14:00:00,1.17
09,2020-06-09 15:00:00,2.25
09,2020-06-09 16:00:00,0.70
09,2020-06-09 17:00:00,0.50
09,2020-06-09 18:00:00,1.00
09,2020-06-09 19:00:00,1.00
09,2020-06-10 13:00:00,0.50
09,2020-06-11 14:00:00,1.00
09,2020-06-11 15:00:00,7.75
09,2020-06-11 16:00:00,1.00
09,2020-06-11 19:00:00,0.50
09,2020-06-12 16:00:00,1.50
09,2020-06-13 15:00:00,0.50
09,2020-06-13 16:00:00,0.50
09,2020-06-13 19:00:00,0.50
09,2020-06-14 13:00:00,5.00
09,2020-06-14 14:00:00,0.50
09,2020-06-14 15:00:00,3.50
09,2020-06-14 16:00:00,2.17
09,2020-06-14 17:00:00,1.00
09,2020-06-14 18:00:00,8.00
09,2020-06-14 19:00:00,8.62
09,2020-06-14 22:00:00,0.50
09,2020-06-15 10:00:00,0.50
09,2020-06-15 11:00:00,0.50
09,2020-06-15 17:00:00,0.50
09,2020-06-15 18:00:00,2.00
09,2020-06-16 06:00:00,0.50
09,2020-06-17 09:00:00,0.50
09,2020-06-23 16:00:00,2.50
09,2020-06-23 17:00:00,3.25
09,2020-06-24 17:00:00,3.50
09,2020-06-24 18:00:00,4.00
09,2020-06-24 19:00:00,0.50
09,2020-06-25 03:00:00,0.50
09,2020-06-25 09:00:00,0.50
09,2020-06-25 15:00:00,0.50
09,2020-06-25 18:00:00,0.50
09,2020-06-26 12:00:00,0.50
09,2020-06-26 13:00:00,19.50
09,2020-06-26 14:00:00,2.00
09,2020-06-26 15:00:00,3.67
09,2020-06-26 16:00:00,6.50
09,2020-06-26 17:00:00,2.90
09,2020-06-26 18:00:00,1.00
09,2020-06-26 19:00:00,1.25
09,2020-06-26 22:00:00,0.50
09,2020-06-28 09:00:00,0.50
09,2020-06-28 16:00:00,2.75
09,2020-06-28 22:00:00,0.50
09,2020-06-29 15:00:00,1.50
09,2020-06-29 16:00:00,11.25
09,2020-06-29 17:00:00,1.33
09,2020-06-30 05:00:00,0.50
09,2020-06-30 16:00:00,3.40
09,2020-06-30 17:00:00,4.00
09,2020-06-30 18:00:00,0.50
09,2020-07-01 03:00:00,0.50
09,2020-07-01 13:00:00,4.50
09,2020-07-01 14:00:00,22.00
09,2020-07-01 15:00:00,18.67
09,2020-07-01 16:00:00,17.50
09,2020-07-01 17:00:00,3.00
09,2020-07-01 18:00:00,1.50
09,2020-07-01 21:00:00,0.50
09,2020-07-02 13:00:00,1.00
09,2020-07-02 14:00:00,2.83
09,2020-07-02 15:00:00,0.50
09,2020-07-02 16:00:00,0.75
09,2020-07-02 17:00:00,2.40
09,2020-07-02 18:00:00,18.92
09,2020-07-02 19:00:00,6.42
09,2020-07-02 20:00:00,1.83
09,2020-07-02 21:00:00,0.70
09,2020-07-02 22:00:00,0.50
09,2020-07-03 00:00:00,0.50
09,2020-07-03 03:00:00,0.50
09,2020-07-03 17:00:00,1.50
09,2020-07-03 18:00:00,1.25
09,2020-07-03 19:00:00,0.50
09,2020-07-04 06:00:00,0.50
09,2020-07-04 11:00:00,0.50
09,2020-07-04 16:00:00,1.50
09,2020-07-04 17:00:00,11.33
09,2020-07-04 19:00:00,0.50
09,2020-07-05 00:00:00,0.50
09,2020-07-05 15:00:00,9.00
09,2020-07-05 16:00:00,5.60
09,2020-07-05 18:00:00,0.50
09,2020-07-06 04:00:00,0.50
09,2020-07-06 10:00:00,0.50
09,2020-07-06 17:00:00,1.25
09,2020-07-06 18:00:00,1.00
09,2020-07-07 11:00:00,0.50
09,2020-07-07 12:00:00,0.50
09,2020-07-07 14:00:00,0.50
09,2020-07-07 15:00:00,5.17
09,2020-07-07 16:00:00,7.50
09,2020-07-07 17:00:00,2.00
09,2020-07-07 18:00:00,0.50
09,2020-07-08 16:00:00,7.00
09,2020-07-08 17:00:00,5.00
09,2020-07-08 18:00:00,2.50
09,2020-07-09 04:00:00,0.50
09,2020-07-10 16:00:00,1.50
09,2020-07-11 16:00:00,2.50
09,2020-07-11 17:00:00,1.00
09,2020-07-11 18:00:00,0.50
09,2020-07-12 10:00:00,0.50
09,2020-07-16 14:00:00,6.00
09,2020-07-16 15:00:00,4.00
09,2020-07-16 16:00:00,2.75
09,2020-07-16 17:00:00,0.67
09,2020-07-16 18:00:00,0.50
09,2020-07-16 19:00:00,0.50
09,2020-07-17 08:00:00,0.50
09,2020-07-17 16:00:00,7.38
09,2020-07-17 17:00:00,6.80
09,2020-07-18 04:00:00,0.50
09,2020-07-18 16:00:00,3.00
09,2020-07-19 11:00:00,0.50
09,2020-07-19 14:00:00,14.00
09,2020-07-19 15:00:00,2.00
09,2020-07-20 03:00:00,0.50
09,2020-07-20 16:00:00,3.75
09,2020-07-20 17:00:00,15.50
09,2020-07-20 18:00:00,6.00
09,2020-07-21 00:00:00,0.50
09,2020-07-21 06:00:00,0.50
09,2020-07-21 17:00:00,0.75
09,2020-07-21 18:00:00,0.50
09,2020-07-25 13:00:00,5.17
09,2020-07-25 14:00:00,22.75
09,2020-07-25 15:00:00,27.75
09,2020-07-25 16:00:00,2.33
09,2020-07-26 15:00:00,13.17
09,2020-07-26 16:00:00,20.80
09,2020-07-26 17:00:00,1.00
09,2020-07-26 18:00:00,0.50
09,2020-07-27 07:00:00,0.50
09,2020-07-27 09:00:00,0.50
09,2020-07-27 11:00:00,0.50
09,2020-07-27 13:00:00,0.50
09,2020-07-27 14:00:00,7.75
09,2020-07-27 15:00:00,4.00
09,2020-07-27 16:00:00,1.12
09,2020-07-27 17:00:00,1.17
09,2020-07-27 18:00:00,1.38
09,2020-07-27 19:00:00,0.50
09,2020-07-27 22:00:00,0.50
09,2020-07-28 10:00:00,0.50
09,2020-07-28 11:00:00,0.50
09,2020-07-28 12:00:00,0.50
09,2020-07-28 13:00:00,2.25
09,2020-07-28 15:00:00,2.50
09,2020-07-28 16:00:00,4.67
09,2020-07-29 11:00:00,0.50
09,2020-07-31 01:00:00,2.50
09,2020-07-31 02:00:00,0.50
09,2020-08-02 10:00:00,0.50
09,2020-08-02 12:00:00,0.50
09,2020-08-02 14:00:00,0.50
09,2020-08-02 15:00:00,1.00
09,2020-08-02 16:00:00,0.88
09,2020-08-02 19:00:00,4.00
09,2020-08-02 20:00:00,1.00
09,2020-08-02 22:00:00,1.25
09,2020-08-02 23:00:00,2.50
09,2020-08-03 00:00:00,2.00
09,2020-08-03 03:00:00,0.50
09,2020-08-03 05:00:00,5.50
09,2020-08-03 06:00:00,4.12
09,2020-08-03 07:00:00,2.70
09,2020-08-03 08:00:00,2.08
09,2020-08-03 09:00:00,2.40
09,2020-08-03 10:00:00,2.75
09,2020-08-03 11:00:00,6.33
09,2020-08-03 12:00:00,7.67
09,2020-08-03 13:00:00,6.08
09,2020-08-03 14:00:00,10.67
09,2020-08-03 15:00:00,6.33
09,2020-08-03 16:00:00,0.67
09,2020-08-03 17:00:00,0.50
09,2020-08-03 18:00:00,1.00
09,2020-08-03 19:00:00,0.75
09,2020-08-04 05:00:00,0.50
09,2020-08-04 14:00:00,2.75
09,2020-08-04 21:00:00,0.50
09,2020-08-04 22:00:00,0.50
09,2020-08-04 23:00:00,1.17
09,2020-08-05 00:00:00,0.50
09,2020-08-05 02:00:00,0.50
09,2020-08-05 04:00:00,0.50
09,2020-08-10 15:00:00,1.50
09,2020-08-10 16:00:00,4.00
09,2020-08-10 18:00:00,0.50
09,2020-08-10 19:00:00,0.75
09,2020-08-10 20:00:00,1.83
09,2020-08-10 21:00:00,0.50
09,2020-08-10 22:00:00,0.50
09,2020-08-11 10:00:00,0.50
09,2020-08-11 17:00:00,0.50
09,2020-08-13 06:00:00,0.50
09,2020-08-13 17:00:00,3.67
09,2020-08-13 18:00:00,13.75
09,2020-08-14 00:00:00,2.50
09,2020-08-16 20:00:00,0.50
09,2020-08-16 23:00:00,2.33
09,2020-08-17 00:00:00,0.50
09,2020-08-17 02:00:00,5.00
09,2020-08-17 10:00:00,1.00
09,2020-08-18 10:00:00,0.50
09,2020-08-19 11:00:00,0.50
09,2020-08-21 09:00:00,1.50
09,2020-08-21 10:00:00,0.83
09,2020-08-21 11:00:00,0.50
09,2020-08-21 12:00:00,1.50
09,2020-08-21 16:00:00,1.00
09,2020-08-21 17:00:00,0.50
09,2020-08-21 23:00:00,1.25
09,2020-08-22 00:00:00,2.00
09,2020-08-22 01:00:00,0.75
09,2020-08-22 02:00:00,2.25
09,2020-08-22 03:00:00,2.10
09,2020-08-22 04:00:00,2.30
09,2020-08-22 05:00:00,1.90
09,2020-08-22 06:00:00,1.25
09,2020-08-22 07:00:00,1.17
09,2020-08-22 08:00:00,1.00
09,2020-08-22 09:00:00,0.50
09,2020-08-22 10:00:00,0.50
09,2020-08-22 11:00:00,2.00
09,2020-08-22 12:00:00,3.42
09,2020-08-22 13:00:00,5.25
09,2020-08-22 14:00:00,2.62
09,2020-08-22 15:00:00,2.25
09,2020-08-22 16:00:00,1.90
09,2020-08-22 17:00:00,0.58
09,2020-08-22 18:00:00,1.90
09,2020-08-22 19:00:00,2.83
09,2020-08-22 20:00:00,0.75
09,2020-08-22 21:00:00,0.70
09,2020-08-22 22:00:00,2.75
09,2020-08-22 23:00:00,0.75
09,2020-08-23 00:00:00,0.75
09,2020-08-23 01:00:00,0.50
09,2020-08-23 02:00:00,0.50
09,2020-08-23 03:00:00,1.67
09,2020-08-23 04:00:00,1.12
09,2020-08-23 05:00:00,0.83
09,2020-08-23 07:00:00,1.00
09,2020-08-23 08:00:00,0.50
09,2020-08-26 13:00:00,0.75
09,2020-08-26 14:00:00,3.90
09,2020-08-26 15:00:00,3.00
09,2020-08-26 16:00:00,1.00
09,2020-08-27 04:00:00,0.50
09,2020-08-27 06:00:00,0.50
09,2020-08-27 12:00:00,3.00
09,2020-08-27 13:00:00,3.50
09,2020-08-27 14:00:00,4.00
09,2020-08-27 15:00:00,2.33
09,2020-08-27 16:00:00,8.40
09,2020-08-27 17:00:00,10.58
09,2020-08-27 18:00:00,3.58
09,2020-08-27 19:00:00,6.83
09,2020-08-27 20:00:00,2.00
09,2020-08-27 21:00:00,0.50
09,2020-08-28 00:00:00,0.50
09,2020-08-28 01:00:00,0.50
09,2020-08-28 09:00:00,0.50
09,2020-08-29 12:00:00,0.50
09,2020-08-29 14:00:00,1.62
09,2020-08-29 20:00:00,0.50
09,2020-08-30 04:00:00,0.50
09,2020-08-30 14:00:00,0.50
09,2020-08-30 15:00:00,0.50
09,2020-08-30 19:00:00,0.50
09,2020-08-30 20:00:00,0.50
09,2020-08-31 03:00:00,1.00
09,2020-08-31 04:00:00,0.50
09,2020-08-31 06:00:00,0.50
09,2020-08-31 10:00:00,2.50
09,2020-08-31 11:00:00,2.30
09,2020-08-31 12:00:00,0.50
09,2020-08-31 13:00:00,0.50
09,2020-08-31 14:00:00,2.00
09,2020-08-31 15:00:00,3.80
09,2020-08-31 16:00:00,2.62
09,2020-08-31 17:00:00,0.50
09,2020-08-31 18:00:00,0.83
09,2020-08-31 19:00:00,1.00
09,2020-08-31 20:00:00,1.67
09,2020-08-31 21:00:00,3.00
09,2020-08-31 22:00:00,2.50
09,2020-08-31 23:00:00,0.62
09,2020-09-01 00:00:00,4.60
09,2020-09-01 01:00:00,3.50
09,2020-09-01 02:00:00,0.50
09,2020-09-01 03:00:00,2.00
09,2020-09-01 04:00:00,0.50
09,2020-09-01 05:00:00,1.33
09,2020-09-01 06:00:00,5.17
09,2020-09-01 07:00:00,1.00
09,2020-09-01 08:00:00,0.50
09,2020-09-01 09:00:00,1.33
09,2020-09-01 10:00:00,1.12
09,2020-09-01 11:00:00,4.88
09,2020-09-01 12:00:00,1.00
09,2020-09-01 13:00:00,0.50
09,2020-09-01 14:00:00,0.50
09,2020-09-02 17:00:00,5.83
09,2020-09-02 18:00:00,4.00
09,2020-09-02 20:00:00,6.12
09,2020-09-02 21:00:00,3.50
09,2020-09-03 02:00:00,0.50
09,2020-09-03 11:00:00,0.50
09,2020-09-03 13:00:00,0.50
09,2020-09-04 05:00:00,0.50
09,2020-09-05 11:00:00,0.50
09,2020-09-08 16:00:00,1.00
09,2020-09-08 17:00:00,0.50
09,2020-09-09 11:00:00,0.50
09,2020-09-09 18:00:00,2.00
09,2020-09-09 19:00:00,9.83
09,2020-09-09 20:00:00,1.33
09,2020-09-10 00:00:00,0.50
09,2020-09-10 01:00:00,0.50
09,2020-09-10 04:00:00,0.50
09,2020-09-11 00:00:00,0.50
09,2020-09-12 07:00:00,1.00
09,2020-09-12 08:00:00,3.50
09,2020-09-12 09:00:00,0.50
09,2020-09-12 13:00:00,3.33
09,2020-09-12 14:00:00,8.75
09,2020-09-12 15:00:00,1.83
09,2020-09-12 16:00:00,14.75
09,2020-09-12 17:00:00,11.58
09,2020-09-12 18:00:00,2.62
09,2020-09-12 19:00:00,0.67
09,2020-09-12 20:00:00,0.75
09,2020-09-12 21:00:00,0.67
09,2020-09-12 22:00:00,1.00
09,2020-09-13 00:00:00,0.50
09,2020-09-13 09:00:00,0.50
09,2020-09-13 10:00:00,0.50
09,2020-09-13 11:00:00,0.50
09,2020-09-13 12:00:00,0.50
09,2020-09-13 13:00:00,2.00
09,2020-09-13 15:00:00,0.50
09,2020-09-13 19:00:00,0.50
09,2020-09-13 20:00:00,0.50
09,2020-09-13 21:00:00,0.50
09,2020-09-13 22:00:00,5.25
09,2020-09-14 01:00:00,0.50
09,2020-09-14 13:00:00,0.50
09,2020-09-14 15:00:00,3.25
09,2020-09-15 11:00:00,0.50
09,2020-09-15 19:00:00,13.50
09,2020-09-15 20:00:00,1.00
09,2020-09-16 15:00:00,0.50
09,2020-09-16 16:00:00,2.50
09,2020-09-18 14:00:00,0.50
09,2020-09-18 15:00:00,2.00
09,2020-09-19 15:00:00,4.40
09,2020-09-19 16:00:00,5.33
09,2020-09-19 17:00:00,5.50
09,2020-09-19 18:00:00,5.80
09,2020-09-19 19:00:00,2.62
09,2020-09-19 23:00:00,0.50
09,2020-09-20 07:00:00,3.00
09,2020-09-20 08:00:00,6.75
09,2020-09-20 09:00:00,5.90
09,2020-09-20 10:00:00,6.20
09,2020-09-20 11:00:00,2.33
09,2020-09-20 12:00:00,1.33
09,2020-09-20 13:00:00,1.33
09,2020-09-20 14:00:00,2.88
09,2020-09-20 15:00:00,3.83
09,2020-09-20 16:00:00,2.75
09,2020-09-20 17:00:00,0.88
09,2020-09-20 18:00:00,0.83
09,2020-09-20 19:00:00,1.50
09,2020-09-20 20:00:00,1.00
09,2020-09-20 21:00:00,1.00
09,2020-09-20 22:00:00,0.67
09,2020-09-20 23:00:00,0.50
09,2020-09-21 00:00:00,1.00
09,2020-09-21 01:00:00,1.00
09,2020-09-21 02:00:00,0.50
09,2020-09-21 03:00:00,0.50
09,2020-09-21 04:00:00,1.00
09,2020-09-21 05:00:00,2.00
09,2020-09-21 06:00:00,0.75
09,2020-09-21 07:00:00,0.50
09,2020-09-21 09:00:00,0.50
09,2020-09-21 10:00:00,1.50
09,2020-09-24 08:00:00,0.50
09,2020-09-24 10:00:00,1.00
09,2020-09-24 11:00:00,1.00
09,2020-09-24 12:00:00,0.50
09,2020-09-24 13:00:00,0.50
09,2020-09-24 14:00:00,0.50
09,2020-09-24 15:00:00,0.83
09,2020-09-24 16:00:00,1.90
09,2020-09-24 17:00:00,0.60
09,2020-09-24 18:00:00,1.17
09,2020-09-24 19:00:00,0.75
09,2020-09-24 20:00:00,0.70
09,2020-09-24 21:00:00,0.50
09,2020-09-24 22:00:00,1.10
09,2020-09-24 23:00:00,0.90
09,2020-09-25 00:00:00,0.50
09,2020-09-25 01:00:00,1.10
09,2020-09-25 02:00:00,0.50
09,2020-09-25 03:00:00,0.88
09,2020-09-25 04:00:00,0.50
09,2020-09-25 05:00:00,0.50
09,2020-09-25 06:00:00,0.50
09,2020-09-25 07:00:00,0.50
09,2020-09-25 14:00:00,0.50
09,2020-09-25 15:00:00,0.50
09,2020-09-25 18:00:00,0.50
09,2020-09-25 20:00:00,0.50
09,2020-09-25 21:00:00,0.50
09,2020-09-25 22:00:00,0.75
09,2020-09-26 00:00:00,0.50
09,2020-09-26 01:00:00,0.50
09,2020-09-26 02:00:00,0.50
09,2020-09-26 03:00:00,1.00
09,2020-09-26 04:00:00,1.75
09,2020-09-26 05:00:00,1.17
09,2020-09-26 06:00:00,0.83
09,2020-09-26 07:00:00,1.00
09,2020-09-26 08:00:00,0.75
09,2020-09-26 09:00:00,1.50
09,2020-09-26 10:00:00,1.30
09,2020-09-26 11:00:00,0.50
09,2020-09-26 18:00:00,1.50
09,2020-09-26 22:00:00,1.50
09,2020-09-26 23:00:00,0.83
09,2020-09-27 00:00:00,1.25
09,2020-09-27 01:00:00,0.80
09,2020-09-27 02:00:00,0.70
09,2020-09-27 03:00:00,0.50
09,2020-09-27 04:00:00,0.50
09,2020-09-27 05:00:00,0.50
09,2020-09-27 06:00:00,0.50
09,2020-09-27 08:00:00,1.83
09,2020-09-27 09:00:00,1.58
09,2020-09-27 10:00:00,1.58
09,2020-09-27 11:00:00,1.17
09,2020-09-27 12:00:00,1.42
09,2020-09-27 13:00:00,0.80
09,2020-09-27 14:00:00,1.10
09,2020-09-27 15:00:00,1.92
09,2020-09-27 16:00:00,1.25
09,2020-09-27 17:00:00,1.00
09,2020-09-27 18:00:00,1.75
09,2020-09-27 19:00:00,0.70
09,2020-09-27 20:00:00,1.00
09,2020-09-27 21:00:00,2.08
09,2020-09-27 22:00:00,1.75
09,2020-09-27 23:00:00,0.50
09,2020-09-28 01:00:00,0.50
09,2020-09-28 04:00:00,1.00
09,2020-09-28 05:00:00,0.50
09,2020-09-28 06:00:00,0.88
09,2020-09-28 07:00:00,0.50
09,2020-09-28 08:00:00,0.75
09,2020-09-28 09:00:00,1.58
09,2020-09-28 10:00:00,5.00
09,2020-09-28 11:00:00,3.00
09,2020-09-28 12:00:00,0.62
09,2020-09-28 13:00:00,1.00
09,2020-09-28 14:00:00,0.50
09,2020-09-28 15:00:00,0.75
09,2020-09-28 16:00:00,3.00
09,2020-09-28 17:00:00,3.00
09,2020-09-28 18:00:00,1.17
09,2020-09-28 19:00:00,1.10
09,2020-09-28 20:00:00,1.17
09,2020-09-28 21:00:00,0.88
09,2020-09-28 22:00:00,0.50
09,2020-09-28 23:00:00,0.50
09,2020-09-29 00:00:00,0.50
09,2020-09-29 01:00:00,0.50
09,2020-09-29 03:00:00,0.50
09,2020-09-29 04:00:00,0.50
09,2020-09-29 05:00:00,1.00
09,2020-09-29 06:00:00,1.00
09,2020-09-29 07:00:00,0.50
09,2020-09-29 08:00:00,0.50
09,2020-09-29 11:00:00,0.50
09,2020-09-29 23:00:00,0.50
09,2020-09-30 00:00:00,0.50
09,2020-09-30 01:00:00,0.50
09,2020-09-30 02:00:00,0.50
09,2020-09-30 03:00:00,1.00
09,2020-09-30 04:00:00,0.83
09,2020-09-30 05:00:00,0.62
09,2020-09-30 06:00:00,1.00
09,2020-09-30 07:00:00,2.00
09,2020-09-30 08:00:00,0.50
09,2020-09-30 10:00:00,0.50
09,2020-09-30 11:00:00,0.92
09,2020-09-30 12:00:00,0.50
09,2020-09-30 13:00:00,0.67
09,2020-09-30 14:00:00,1.10
09,2020-09-30 15:00:00,0.50
09,2020-09-30 16:00:00,0.50
09,2020-10-01 04:00:00,0.50
09,2020-10-01 06:00:00,0.50
09,2020-10-02 23:00:00,0.50
09,2020-10-03 10:00:00,0.50
09,2020-10-03 19:00:00,0.50
09,2020-10-03 20:00:00,1.00
09,2020-10-03 21:00:00,0.67
09,2020-10-03 22:00:00,3.00
09,2020-10-03 23:00:00,0.75
09,2020-10-04 00:00:00,0.50
09,2020-10-04 01:00:00,0.50
09,2020-10-04 08:00:00,0.50
09,2020-10-05 04:00:00,0.50
09,2020-10-05 05:00:00,0.83
09,2020-10-05 06:00:00,1.00
09,2020-10-05 07:00:00,1.75
09,2020-10-05 08:00:00,0.75
09,2020-10-05 09:00:00,1.70
09,2020-10-05 10:00:00,1.40
09,2020-10-05 11:00:00,1.70
09,2020-10-05 12:00:00,1.10
09,2020-10-05 13:00:00,1.60
09,2020-10-05 14:00:00,0.75
09,2020-10-05 15:00:00,1.67
09,2020-10-05 16:00:00,2.10
09,2020-10-05 17:00:00,2.20
09,2020-10-05 18:00:00,1.92
09,2020-10-05 19:00:00,1.60
09,2020-10-05 20:00:00,0.92
09,2020-10-05 21:00:00,1.12
09,2020-10-05 22:00:00,2.00
09,2020-10-05 23:00:00,2.00
09,2020-10-06 02:00:00,0.50
09,2020-10-06 03:00:00,0.62
09,2020-10-06 04:00:00,0.50
09,2020-10-06 05:00:00,0.50
09,2020-10-06 06:00:00,0.50
09,2020-10-06 07:00:00,0.75
09,2020-10-06 09:00:00,0.50
09,2020-10-06 10:00:00,0.50
09,2020-10-06 12:00:00,0.50
09,2020-10-06 19:00:00,0.75
09,2020-10-06 20:00:00,0.50
09,2020-10-06 21:00:00,0.50
09,2020-10-06 22:00:00,0.50
09,2020-10-06 23:00:00,0.50
09,2020-10-07 02:00:00,0.50
09,2020-10-07 04:00:00,0.50
09,2020-10-07 11:00:00,0.50
09,2020-10-07 15:00:00,0.50
09,2020-10-07 16:00:00,0.50
09,2020-10-07 23:00:00,0.50
09,2020-10-08 01:00:00,0.75
09,2020-10-08 02:00:00,1.50
09,2020-10-08 03:00:00,0.50
09,2020-10-08 05:00:00,0.50
09,2020-10-08 07:00:00,0.50
09,2020-10-08 08:00:00,0.50
09,2020-10-08 10:00:00,0.50
09,2020-10-08 11:00:00,0.50
09,2020-10-08 12:00:00,0.50
09,2020-10-08 16:00:00,0.50
09,2020-10-08 17:00:00,0.83
09,2020-10-08 18:00:00,0.92
09,2020-10-08 19:00:00,1.50
09,2020-10-08 20:00:00,0.80
09,2020-10-08 21:00:00,0.90
09,2020-10-08 22:00:00,0.50
09,2020-10-08 23:00:00,0.60
09,2020-10-09 00:00:00,0.50
09,2020-10-09 01:00:00,2.80
09,2020-10-09 02:00:00,1.62
09,2020-10-09 03:00:00,1.83
09,2020-10-09 04:00:00,1.70
09,2020-10-09 05:00:00,1.30
09,2020-10-09 06:00:00,0.92
09,2020-10-09 07:00:00,0.90
09,2020-10-09 08:00:00,1.17
09,2020-10-09 09:00:00,1.33
09,2020-10-09 10:00:00,0.50
09,2020-10-09 11:00:00,0.50
09,2020-10-09 12:00:00,0.50
09,2020-10-09 13:00:00,0.50
09,2020-10-09 14:00:00,0.50
09,2020-10-09 15:00:00,0.50
09,2020-10-09 17:00:00,0.67
09,2020-10-09 18:00:00,0.67
09,2020-10-09 19:00:00,1.10
09,2020-10-09 20:00:00,1.60
09,2020-10-09 21:00:00,1.00
09,2020-10-09 22:00:00,0.75
09,2020-10-09 23:00:00,0.50
09,2020-10-10 00:00:00,0.50
09,2020-10-10 01:00:00,0.50
09,2020-10-10 02:00:00,0.50
09,2020-10-10 03:00:00,0.50
09,2020-10-10 04:00:00,0.50
09,2020-10-10 07:00:00,0.75
09,2020-10-10 09:00:00,0.50
09,2020-10-10 10:00:00,0.50
09,2020-10-10 11:00:00,0.67
09,2020-10-10 12:00:00,1.67
09,2020-10-10 13:00:00,0.70
09,2020-10-10 14:00:00,0.80
09,2020-10-10 15:00:00,1.30
09,2020-10-10 16:00:00,0.88
09,2020-10-10 17:00:00,0.75
09,2020-10-10 18:00:00,0.50
09,2020-10-10 19:00:00,0.75
09,2020-10-10 20:00:00,0.50
09,2020-10-10 21:00:00,0.50
09,2020-10-10 22:00:00,0.50
09,2020-10-10 23:00:00,0.50
09,2020-10-11 00:00:00,0.50
09,2020-10-11 01:00:00,0.50
09,2020-10-11 04:00:00,1.00
09,2020-10-11 05:00:00,1.17
09,2020-10-11 06:00:00,0.50
09,2020-10-11 07:00:00,0.50
09,2020-10-11 08:00:00,0.75
09,2020-10-11 09:00:00,1.00
09,2020-10-11 10:00:00,1.08
09,2020-10-11 11:00:00,1.70
09,2020-10-11 12:00:00,1.38
09,2020-10-11 13:00:00,0.60
09,2020-10-11 14:00:00,1.00
09,2020-10-11 15:00:00,0.50
09,2020-10-11 17:00:00,1.50
09,2020-10-11 18:00:00,1.17
09,2020-10-11 19:00:00,0.50
09,2020-10-11 20:00:00,0.70
09,2020-10-11 21:00:00,1.80
09,2020-10-11 22:00:00,4.67
09,2020-10-11 23:00:00,10.67
09,2020-10-12 00:00:00,0.83
09,2020-10-12 01:00:00,2.50
09,2020-10-12 02:00:00,2.20
09,2020-10-12 03:00:00,1.42
09,2020-10-12 04:00:00,0.50
09,2020-10-12 06:00:00,0.75
09,2020-10-12 07:00:00,1.70
09,2020-10-12 08:00:00,0.62
09,2020-10-12 09:00:00,1.25
09,2020-10-12 10:00:00,1.80
09,2020-10-12 17:00:00,0.50
09,2020-10-12 18:00:00,2.75
09,2020-10-12 19:00:00,2.75
09,2020-10-12 20:00:00,0.50
09,2020-10-12 21:00:00,0.67
09,2020-10-12 22:00:00,0.75
09,2020-10-12 23:00:00,0.62
09,2020-10-13 00:00:00,1.83
09,2020-10-13 01:00:00,5.17
09,2020-10-13 02:00:00,1.00
09,2020-10-13 03:00:00,1.38
09,2020-10-13 04:00:00,1.60
09,2020-10-13 05:00:00,2.42
09,2020-10-13 06:00:00,2.50
09,2020-10-13 07:00:00,1.58
09,2020-10-13 08:00:00,2.58
09,2020-10-13 09:00:00,5.50
09,2020-10-13 10:00:00,2.00
09,2020-10-13 11:00:00,2.75
09,2020-10-13 12:00:00,1.60
09,2020-10-13 13:00:00,1.50
09,2020-10-13 14:00:00,2.40
09,2020-10-13 15:00:00,2.17
09,2020-10-13 16:00:00,2.38
09,2020-10-13 17:00:00,1.83
09,2020-10-13 18:00:00,2.80
09,2020-10-13 19:00:00,2.62
09,2020-10-13 20:00:00,2.58
09,2020-10-13 21:00:00,2.00
09,2020-10-13 22:00:00,1.00
09,2020-10-13 23:00:00,1.25
09,2020-10-14 00:00:00,1.33
09,2020-10-14 01:00:00,0.88
09,2020-10-14 02:00:00,1.00
09,2020-10-14 03:00:00,0.50
09,2020-10-14 06:00:00,0.50
09,2020-10-14 07:00:00,0.50
09,2020-10-14 08:00:00,1.00
09,2020-10-14 09:00:00,1.25
09,2020-10-14 10:00:00,1.25
09,2020-10-14 11:00:00,1.00
09,2020-10-14 12:00:00,0.50
09,2020-10-14 13:00:00,0.50
09,2020-10-15 09:00:00,1.50
09,2020-10-15 10:00:00,1.62
09,2020-10-15 11:00:00,2.58
09,2020-10-15 12:00:00,5.00
09,2020-10-15 13:00:00,2.40
09,2020-10-15 14:00:00,0.75
09,2020-10-15 19:00:00,0.50
09,2020-10-15 20:00:00,0.50
09,2020-10-15 22:00:00,0.50
09,2020-10-15 23:00:00,1.30
09,2020-10-16 00:00:00,0.88
09,2020-10-16 01:00:00,0.67
09,2020-10-16 02:00:00,1.12
09,2020-10-16 03:00:00,0.75
09,2020-10-16 04:00:00,1.58
09,2020-10-16 05:00:00,1.50
09,2020-10-16 06:00:00,1.10
09,2020-10-16 07:00:00,1.83
09,2020-10-16 08:00:00,1.25
09,2020-10-16 09:00:00,3.00
09,2020-10-16 10:00:00,0.50
09,2020-10-16 11:00:00,1.50
09,2020-10-16 12:00:00,1.12
09,2020-10-16 13:00:00,0.50
09,2020-10-16 14:00:00,0.50
09,2020-10-16 15:00:00,2.83
09,2020-10-16 16:00:00,2.33
09,2020-10-16 17:00:00,10.90
09,2020-10-16 18:00:00,5.17
09,2020-10-16 19:00:00,7.00
09,2020-10-16 20:00:00,4.83
09,2020-10-16 21:00:00,2.67
09,2020-10-16 22:00:00,1.00
09,2020-10-16 23:00:00,1.50
09,2020-10-17 00:00:00,0.50
09,2020-10-17 01:00:00,0.62
09,2020-10-17 03:00:00,0.50
09,2020-10-17 04:00:00,2.25
09,2020-10-17 05:00:00,3.00
09,2020-10-17 06:00:00,1.00
09,2020-10-17 07:00:00,0.50
09,2020-10-17 08:00:00,0.50
09,2020-10-17 11:00:00,0.50
09,2020-10-17 14:00:00,0.50
09,2020-10-17 15:00:00,0.67
09,2020-10-17 16:00:00,0.50
09,2020-10-17 17:00:00,0.83
09,2020-10-17 18:00:00,1.62
09,2020-10-17 19:00:00,1.42
09,2020-10-17 20:00:00,0.67
09,2020-10-17 21:00:00,0.80
09,2020-10-17 22:00:00,0.75
09,2020-10-17 23:00:00,1.67
09,2020-10-18 00:00:00,1.10
09,2020-10-18 01:00:00,0.67
09,2020-10-18 02:00:00,1.00
09,2020-10-18 03:00:00,1.00
09,2020-10-18 04:00:00,1.70
09,2020-10-18 05:00:00,1.25
09,2020-10-18 06:00:00,1.58
09,2020-10-18 07:00:00,1.10
09,2020-10-18 08:00:00,1.00
09,2020-10-18 09:00:00,1.00
09,2020-10-18 10:00:00,0.67
09,2020-10-18 11:00:00,1.25
09,2020-10-18 12:00:00,1.10
09,2020-10-18 13:00:00,0.70
09,2020-10-18 14:00:00,1.70
09,2020-10-18 15:00:00,1.83
09,2020-10-18 16:00:00,1.25
09,2020-10-18 17:00:00,1.67
09,2020-10-18 18:00:00,1.75
09,2020-10-18 19:00:00,2.58
09,2020-10-18 20:00:00,2.33
09,2020-10-18 21:00:00,2.00
09,2020-10-18 22:00:00,1.08
09,2020-10-18 23:00:00,1.67
09,2020-10-19 00:00:00,0.70
09,2020-10-19 01:00:00,0.50
09,2020-10-19 02:00:00,0.50
09,2020-10-19 03:00:00,0.50
09,2020-10-19 04:00:00,0.50
09,2020-10-19 05:00:00,0.62
09,2020-10-19 06:00:00,0.50
09,2020-10-19 07:00:00,0.50
09,2020-10-19 08:00:00,0.62
09,2020-10-19 09:00:00,0.70
09,2020-10-19 10:00:00,0.58
09,2020-10-19 11:00:00,0.50
09,2020-10-19 12:00:00,1.00
09,2020-10-19 13:00:00,0.67
09,2020-10-19 15:00:00,1.12
09,2020-10-19 16:00:00,1.25
09,2020-10-19 17:00:00,0.62
09,2020-10-19 18:00:00,1.17
09,2020-10-19 19:00:00,1.00
09,2020-10-19 20:00:00,0.88
09,2020-10-19 21:00:00,0.83
09,2020-10-19 22:00:00,0.50
09,2020-10-20 04:00:00,1.00
09,2020-10-20 05:00:00,0.62
09,2020-10-20 06:00:00,1.00
09,2020-10-20 07:00:00,3.00
09,2020-10-20 13:00:00,3.50
09,2020-10-20 15:00:00,0.50
09,2020-10-20 16:00:00,1.30
09,2020-10-20 17:00:00,2.00
09,2020-10-20 18:00:00,1.17
09,2020-10-20 19:00:00,0.50
09,2020-10-20 20:00:00,0.50
09,2020-10-20 23:00:00,1.00
09,2020-10-21 00:00:00,1.00
09,2020-10-21 01:00:00,1.50
09,2020-10-21 03:00:00,0.83
09,2020-10-21 04:00:00,1.08
09,2020-10-21 05:00:00,1.25
09,2020-10-21 06:00:00,1.60
09,2020-10-21 07:00:00,1.10
09,2020-10-21 08:00:00,1.42
09,2020-10-21 09:00:00,1.20
09,2020-10-21 10:00:00,2.00
09,2020-10-21 11:00:00,1.38
09,2020-10-21 12:00:00,1.42
09,2020-10-21 13:00:00,1.67
09,2020-10-21 14:00:00,2.17
09,2020-10-21 15:00:00,0.50
09,2020-10-21 16:00:00,1.12
09,2020-10-21 17:00:00,2.67
09,2020-10-21 18:00:00,3.50
09,2020-10-21 19:00:00,3.17
09,2020-10-21 20:00:00,0.83
09,2020-10-21 21:00:00,2.50
09,2020-10-21 22:00:00,2.67
09,2020-10-21 23:00:00,1.10
09,2020-10-22 00:00:00,1.50
09,2020-10-22 01:00:00,1.30
09,2020-10-22 02:00:00,1.67
09,2020-10-22 03:00:00,1.50
09,2020-10-22 04:00:00,1.00
09,2020-10-22 05:00:00,1.12
09,2020-10-22 06:00:00,1.67
09,2020-10-22 07:00:00,1.67
09,2020-10-22 08:00:00,2.00
09,2020-10-22 09:00:00,2.58
09,2020-10-22 10:00:00,1.75
09,2020-10-22 11:00:00,1.60
09,2020-10-22 12:00:00,0.92
09,2020-10-22 13:00:00,1.40
09,2020-10-22 14:00:00,1.25
09,2020-10-22 15:00:00,1.00
09,2020-10-22 16:00:00,0.92
09,2020-10-22 17:00:00,1.20
09,2020-10-22 18:00:00,1.25
09,2020-10-22 19:00:00,0.70
09,2020-10-22 20:00:00,1.08
09,2020-10-22 21:00:00,1.00
09,2020-10-22 22:00:00,0.80
09,2020-10-22 23:00:00,0.83
09,2020-10-23 00:00:00,0.50
09,2020-10-23 01:00:00,0.50
09,2020-10-23 02:00:00,0.50
09,2020-10-23 03:00:00,0.70
09,2020-10-23 04:00:00,1.75
09,2020-10-23 05:00:00,3.58
09,2020-10-23 06:00:00,3.08
09,2020-10-23 07:00:00,2.25
09,2020-10-23 08:00:00,3.00
09,2020-10-23 09:00:00,3.33
09,2020-10-23 10:00:00,1.42
09,2020-10-23 11:00:00,2.75
09,2020-10-23 12:00:00,0.92
09,2020-10-23 13:00:00,0.60
09,2020-10-23 14:00:00,0.62
09,2020-10-23 15:00:00,1.00
09,2020-10-23 16:00:00,1.00
09,2020-10-23 17:00:00,0.50
09,2020-10-23 18:00:00,0.50
09,2020-10-23 19:00:00,0.50
09,2020-10-24 05:00:00,0.50
09,2020-10-25 10:00:00,0.50
09,2020-10-25 17:00:00,0.75
09,2020-10-25 18:00:00,1.00
09,2020-10-25 19:00:00,0.50
09,2020-10-25 20:00:00,0.50
09,2020-10-26 02:00:00,0.50
09,2020-10-26 05:00:00,0.50
09,2020-10-27 10:00:00,0.50
09,2020-10-27 19:00:00,0.50
09,2020-10-27 20:00:00,0.50
09,2020-10-27 21:00:00,0.75
09,2020-10-27 22:00:00,0.50
09,2020-10-27 23:00:00,0.50
09,2020-10-28 00:00:00,0.50
09,2020-10-28 11:00:00,0.50
09,2020-10-28 12:00:00,0.50
09,2020-10-28 14:00:00,0.50
09,2020-10-28 17:00:00,0.50
09,2020-10-28 19:00:00,0.50
09,2020-10-28 23:00:00,1.50
09,2020-10-29 00:00:00,0.50
09,2020-10-29 01:00:00,1.00
09,2020-10-29 02:00:00,1.50
09,2020-10-29 03:00:00,1.25
09,2020-10-29 04:00:00,1.50
09,2020-10-29 05:00:00,0.50
09,2020-10-29 06:00:00,0.50
09,2020-10-29 07:00:00,1.00
09,2020-10-29 08:00:00,0.50
09,2020-10-29 09:00:00,0.83
09,2020-10-29 10:00:00,1.50
09,2020-10-29 16:00:00,0.50
09,2020-10-29 17:00:00,0.50
09,2020-10-30 01:00:00,1.00
09,2020-10-30 02:00:00,0.50
09,2020-10-30 03:00:00,0.50
09,2020-10-30 04:00:00,0.50
09,2020-10-30 20:00:00,0.50
09,2020-10-31 20:00:00,0.50
09,2020-10-31 21:00:00,0.67
09,2020-10-31 22:00:00,0.50
09,2020-11-01 09:00:00,0.50
09,2020-11-01 10:00:00,0.50
09,2020-11-01 16:00:00,0.50
09,2020-11-01 17:00:00,1.75
09,2020-11-01 18:00:00,0.80
09,2020-11-01 19:00:00,1.25
09,2020-11-01 20:00:00,2.25
09,2020-11-01 21:00:00,0.75
09,2020-11-01 22:00:00,0.50
09,2020-11-01 23:00:00,0.50
09,2020-11-02 00:00:00,0.50
09,2020-11-02 13:00:00,0.75
09,2020-11-02 18:00:00,0.50
09,2020-11-02 19:00:00,0.75
09,2020-11-02 20:00:00,1.00
09,2020-11-02 21:00:00,0.50
09,2020-11-02 22:00:00,0.50
09,2020-11-03 00:00:00,0.50
09,2020-11-03 01:00:00,0.50
09,2020-11-03 02:00:00,0.90
09,2020-11-03 03:00:00,0.83
09,2020-11-03 04:00:00,2.08
09,2020-11-03 05:00:00,0.92
09,2020-11-03 06:00:00,1.75
09,2020-11-03 07:00:00,1.00
09,2020-11-03 08:00:00,0.88
09,2020-11-03 09:00:00,0.50
09,2020-11-03 10:00:00,0.50
09,2020-11-03 15:00:00,0.50
09,2020-11-03 16:00:00,0.50
09,2020-11-03 17:00:00,0.50
09,2020-11-03 18:00:00,0.50
09,2020-11-03 22:00:00,1.50
09,2020-11-03 23:00:00,2.67
09,2020-11-04 00:00:00,1.58
09,2020-11-04 01:00:00,1.00
09,2020-11-04 02:00:00,0.50
09,2020-11-04 06:00:00,0.50
09,2020-11-04 08:00:00,0.50
09,2020-11-04 12:00:00,0.50
09,2020-11-05 12:00:00,0.50
09,2020-11-05 16:00:00,0.50
09,2020-11-05 17:00:00,0.67
09,2020-11-05 18:00:00,0.67
09,2020-11-05 19:00:00,0.50
09,2020-11-05 20:00:00,1.50
09,2020-11-05 21:00:00,0.88
09,2020-11-05 22:00:00,2.50
09,2020-11-05 23:00:00,1.00
09,2020-11-06 00:00:00,1.00
09,2020-11-06 01:00:00,1.17
09,2020-11-06 02:00:00,1.00
09,2020-11-06 03:00:00,0.90
09,2020-11-06 04:00:00,1.00
09,2020-11-06 05:00:00,0.67
09,2020-11-06 06:00:00,0.50
09,2020-11-06 09:00:00,0.50
09,2020-11-06 10:00:00,1.50
09,2020-11-06 11:00:00,2.50
09,2020-11-06 12:00:00,2.08
09,2020-11-06 13:00:00,1.50
09,2020-11-06 14:00:00,2.12
09,2020-11-06 15:00:00,3.70
09,2020-11-06 16:00:00,1.12
09,2020-11-06 17:00:00,2.40
09,2020-11-06 18:00:00,3.88
09,2020-11-06 19:00:00,1.33
09,2020-11-06 20:00:00,0.50
09,2020-11-06 21:00:00,0.50
09,2020-11-06 23:00:00,0.50
09,2020-11-07 00:00:00,0.83
09,2020-11-07 01:00:00,6.00
09,2020-11-07 02:00:00,2.33
09,2020-11-07 06:00:00,0.50
09,2020-11-07 14:00:00,1.00
09,2020-11-07 15:00:00,2.00
09,2020-11-07 16:00:00,0.50
09,2020-11-07 17:00:00,1.62
09,2020-11-07 21:00:00,0.50
09,2020-11-07 22:00:00,2.08
09,2020-11-07 23:00:00,1.30
09,2020-11-08 00:00:00,0.75
09,2020-11-08 01:00:00,1.62
09,2020-11-08 02:00:00,1.10
09,2020-11-08 03:00:00,1.83
09,2020-11-08 04:00:00,1.25
09,2020-11-08 05:00:00,0.92
09,2020-11-08 06:00:00,1.42
09,2020-11-08 07:00:00,1.33
09,2020-11-08 08:00:00,1.70
09,2020-11-08 09:00:00,1.08
09,2020-11-08 10:00:00,1.00
09,2020-11-08 11:00:00,0.80
09,2020-11-08 12:00:00,0.80
09,2020-11-08 13:00:00,0.75
09,2020-11-08 14:00:00,1.25
09,2020-11-08 15:00:00,1.12
09,2020-11-08 16:00:00,1.50
09,2020-11-08 17:00:00,1.00
09,2020-11-08 18:00:00,1.25
09,2020-11-08 19:00:00,1.42
09,2020-11-08 20:00:00,1.00
09,2020-11-08 21:00:00,0.60
09,2020-11-08 22:00:00,0.50
09,2020-11-08 23:00:00,0.60
09,2020-11-09 00:00:00,0.62
09,2020-11-09 01:00:00,0.50
09,2020-11-09 02:00:00,1.00
09,2020-11-09 03:00:00,0.50
09,2020-11-09 04:00:00,0.62
09,2020-11-09 05:00:00,0.50
09,2020-11-09 07:00:00,0.50
09,2020-11-09 09:00:00,0.50
09,2020-11-09 10:00:00,1.50
09,2020-11-09 11:00:00,1.50
09,2020-11-09 12:00:00,1.50
09,2020-11-09 13:00:00,0.50
09,2020-11-09 14:00:00,0.50
09,2020-11-09 16:00:00,0.50
09,2020-11-09 18:00:00,0.50
09,2020-11-09 19:00:00,0.50
09,2020-11-09 20:00:00,0.50
09,2020-11-09 21:00:00,1.00
09,2020-11-09 22:00:00,0.50
09,2020-11-09 23:00:00,0.83
09,2020-11-10 00:00:00,0.50
09,2020-11-10 01:00:00,0.50
09,2020-11-10 02:00:00,1.00
09,2020-11-10 03:00:00,1.00
09,2020-11-10 04:00:00,0.50
09,2020-11-10 05:00:00,0.83
09,2020-11-10 06:00:00,0.50
09,2020-11-10 07:00:00,0.50
09,2020-11-10 08:00:00,0.75
09,2020-11-10 09:00:00,0.60
09,2020-11-10 10:00:00,0.83
09,2020-11-10 11:00:00,0.60
09,2020-11-10 12:00:00,0.75
09,2020-11-10 13:00:00,0.50
09,2020-11-10 14:00:00,0.50
09,2020-11-10 15:00:00,1.00
09,2020-11-10 16:00:00,1.00
09,2020-11-10 17:00:00,0.67
09,2020-11-10 18:00:00,0.50
09,2020-11-10 19:00:00,1.00
09,2020-11-10 20:00:00,0.67
09,2020-11-10 21:00:00,0.67
09,2020-11-11 04:00:00,0.50
09,2020-11-11 05:00:00,0.50
09,2020-11-11 06:00:00,0.50
09,2020-11-11 07:00:00,0.50
09,2020-11-11 14:00:00,0.50
09,2020-11-12 10:00:00,4.25
09,2020-11-12 11:00:00,3.88
09,2020-11-12 12:00:00,0.83
09,2020-11-12 13:00:00,0.75
09,2020-11-12 14:00:00,0.50
09,2020-11-12 15:00:00,0.50
09,2020-11-12 16:00:00,1.70
09,2020-11-12 17:00:00,0.83
09,2020-11-12 18:00:00,1.50
09,2020-11-12 19:00:00,0.83
09,2020-11-12 20:00:00,1.00
09,2020-11-12 21:00:00,2.17
09,2020-11-12 22:00:00,1.38
09,2020-11-12 23:00:00,2.00
09,2020-11-13 00:00:00,1.50
09,2020-11-13 01:00:00,0.83
09,2020-11-13 02:00:00,1.17
09,2020-11-13 03:00:00,1.25
09,2020-11-13 04:00:00,1.50
09,2020-11-13 05:00:00,1.67
09,2020-11-13 06:00:00,1.17
09,2020-11-13 07:00:00,1.67
09,2020-11-13 08:00:00,1.50
09,2020-11-13 09:00:00,0.92
09,2020-11-13 10:00:00,1.20
09,2020-11-13 11:00:00,1.25
09,2020-11-13 12:00:00,1.33
09,2020-11-13 13:00:00,1.67
09,2020-11-13 14:00:00,2.33
09,2020-11-13 15:00:00,2.17
09,2020-11-13 16:00:00,5.92
09,2020-11-13 17:00:00,4.08
09,2020-11-13 18:00:00,2.17
09,2020-11-13 19:00:00,1.58
09,2020-11-13 20:00:00,4.58
09,2020-11-13 21:00:00,3.75
09,2020-11-13 22:00:00,0.50
09,2020-11-13 23:00:00,0.50
09,2020-11-14 00:00:00,0.67
09,2020-11-14 01:00:00,0.50
09,2020-11-14 02:00:00,0.50
09,2020-11-14 03:00:00,1.75
09,2020-11-14 04:00:00,1.92
09,2020-11-14 05:00:00,2.33
09,2020-11-14 06:00:00,1.92
09,2020-11-14 07:00:00,1.17
09,2020-11-14 08:00:00,1.20
09,2020-11-14 09:00:00,1.00
09,2020-11-14 10:00:00,1.00
09,2020-11-14 11:00:00,0.62
09,2020-11-14 12:00:00,0.62
09,2020-11-14 13:00:00,1.12
09,2020-11-14 14:00:00,1.00
09,2020-11-15 11:00:00,0.50
09,2020-11-16 02:00:00,0.50
09,2020-11-16 11:00:00,0.50
09,2020-11-16 12:00:00,1.50
09,2020-11-16 13:00:00,0.50
09,2020-11-16 16:00:00,1.12
09,2020-11-16 17:00:00,1.20
09,2020-11-16 18:00:00,1.00
09,2020-11-16 19:00:00,1.00
09,2020-11-16 20:00:00,0.83
09,2020-11-16 22:00:00,0.50
09,2020-11-16 23:00:00,0.50
09,2020-11-17 01:00:00,0.75
09,2020-11-17 02:00:00,1.12
09,2020-11-17 03:00:00,1.00
09,2020-11-17 05:00:00,0.50
09,2020-11-17 06:00:00,0.50
09,2020-11-17 08:00:00,0.50
09,2020-11-17 09:00:00,0.50
09,2020-11-17 10:00:00,0.50
09,2020-11-17 11:00:00,1.00
09,2020-11-17 12:00:00,0.50
09,2020-11-17 15:00:00,0.50
09,2020-11-17 17:00:00,0.50
09,2020-11-17 18:00:00,1.00
09,2020-11-17 19:00:00,1.25
09,2020-11-17 20:00:00,0.50
09,2020-11-17 21:00:00,1.00
09,2020-11-17 22:00:00,1.25
09,2020-11-17 23:00:00,0.50
09,2020-11-18 00:00:00,0.50
09,2020-11-18 01:00:00,0.50
09,2020-11-18 02:00:00,0.50
09,2020-11-18 04:00:00,1.50
09,2020-11-18 05:00:00,0.75
09,2020-11-18 06:00:00,0.50
09,2020-11-18 07:00:00,0.50
09,2020-11-19 11:00:00,0.50
09,2020-11-20 15:00:00,0.50
09,2020-11-20 17:00:00,0.50
09,2020-11-20 20:00:00,1.83
09,2020-11-20 21:00:00,2.20
09,2020-11-20 22:00:00,1.33
09,2020-11-20 23:00:00,0.75
09,2020-11-21 00:00:00,0.83
09,2020-11-21 01:00:00,1.83
09,2020-11-21 02:00:00,5.00
09,2020-11-21 03:00:00,4.25
09,2020-11-21 04:00:00,2.38
09,2020-11-21 05:00:00,4.50
09,2020-11-21 06:00:00,1.60
09,2020-11-21 07:00:00,1.80
09,2020-11-21 08:00:00,2.25
09,2020-11-21 09:00:00,1.70
09,2020-11-21 10:00:00,5.00
09,2020-11-21 11:00:00,1.83
09,2020-11-21 12:00:00,1.10
09,2020-11-21 13:00:00,0.75
09,2020-11-21 14:00:00,0.75
09,2020-11-21 15:00:00,0.50
09,2020-11-21 16:00:00,0.67
09,2020-11-21 17:00:00,1.50
09,2020-11-21 18:00:00,2.40
09,2020-11-21 19:00:00,1.50
09,2020-11-21 20:00:00,1.25
09,2020-11-22 01:00:00,0.50
09,2020-11-22 03:00:00,0.50
09,2020-11-22 04:00:00,0.50
09,2020-11-22 05:00:00,0.50
09,2020-11-22 11:00:00,0.50
09,2020-11-22 19:00:00,0.50
09,2020-11-22 21:00:00,1.50
09,2020-11-22 22:00:00,1.25
09,2020-11-22 23:00:00,2.00
09,2020-11-23 00:00:00,2.00
09,2020-11-23 01:00:00,1.38
09,2020-11-23 02:00:00,1.00
09,2020-11-23 03:00:00,3.00
09,2020-11-23 04:00:00,1.60
09,2020-11-23 05:00:00,1.33
09,2020-11-23 06:00:00,1.38
09,2020-11-23 07:00:00,1.10
09,2020-11-23 08:00:00,3.00
09,2020-11-23 09:00:00,1.50
09,2020-11-23 10:00:00,0.83
09,2020-11-23 11:00:00,1.17
09,2020-11-23 12:00:00,0.50
09,2020-11-23 13:00:00,0.83
09,2020-11-23 14:00:00,1.50
09,2020-11-23 15:00:00,1.50
09,2020-11-23 16:00:00,2.00
09,2020-11-23 17:00:00,0.75
09,2020-11-23 18:00:00,0.62
09,2020-11-23 19:00:00,1.00
09,2020-11-23 20:00:00,0.67
09,2020-11-23 21:00:00,0.50
09,2020-11-23 22:00:00,0.50
09,2020-11-23 23:00:00,0.75
09,2020-11-24 00:00:00,1.50
09,2020-11-24 01:00:00,0.62
09,2020-11-24 02:00:00,1.00
09,2020-11-24 04:00:00,0.67
09,2020-11-24 05:00:00,0.70
09,2020-11-24 06:00:00,1.00
09,2020-11-24 07:00:00,0.50
09,2020-11-24 08:00:00,1.25
09,2020-11-24 09:00:00,1.50
09,2020-11-24 10:00:00,2.00
09,2020-11-24 11:00:00,2.00
09,2020-11-24 12:00:00,1.50
09,2020-11-24 15:00:00,1.50
09,2020-11-25 06:00:00,0.50
09,2020-11-25 09:00:00,0.50
09,2020-11-25 11:00:00,1.50
09,2020-11-25 15:00:00,1.00
09,2020-11-25 18:00:00,0.75
09,2020-11-25 19:00:00,0.83
09,2020-11-25 20:00:00,0.50
09,2020-11-25 21:00:00,0.50
09,2020-11-25 23:00:00,0.50
09,2020-11-26 09:00:00,0.50
09,2020-11-26 10:00:00,0.50
09,2020-11-26 22:00:00,0.50
09,2020-11-27 02:00:00,1.00
09,2020-11-27 03:00:00,0.50
09,2020-11-27 04:00:00,0.50
09,2020-11-27 05:00:00,1.25
09,2020-11-27 06:00:00,0.50
09,2020-11-27 07:00:00,4.50
09,2020-11-27 08:00:00,0.50
09,2020-11-27 09:00:00,2.50
09,2020-11-27 10:00:00,1.00
09,2020-11-27 11:00:00,2.33
09,2020-11-27 12:00:00,0.88
09,2020-11-27 13:00:00,0.60
09,2020-11-27 14:00:00,1.00
09,2020-11-27 15:00:00,0.50
09,2020-11-27 16:00:00,1.00
09,2020-11-27 17:00:00,0.50
09,2020-11-27 18:00:00,0.50
09,2020-11-27 19:00:00,0.67
09,2020-11-27 20:00:00,0.50
09,2020-11-27 21:00:00,2.83
09,2020-11-27 22:00:00,1.17
09,2020-11-27 23:00:00,1.92
09,2020-11-28 00:00:00,1.40
09,2020-11-28 01:00:00,3.30
09,2020-11-28 02:00:00,2.50
09,2020-11-28 03:00:00,1.38
09,2020-11-28 04:00:00,0.90
09,2020-11-28 05:00:00,1.33
09,2020-11-28 06:00:00,1.50
09,2020-11-28 07:00:00,1.50
09,2020-11-28 08:00:00,0.50
09,2020-11-28 09:00:00,0.67
09,2020-11-28 10:00:00,2.00
09,2020-11-28 11:00:00,1.08
09,2020-11-28 12:00:00,3.10
09,2020-11-28 13:00:00,0.62
09,2020-11-28 14:00:00,1.00
09,2020-11-28 15:00:00,3.50
09,2020-11-28 16:00:00,1.83
09,2020-11-28 17:00:00,1.80
09,2020-11-28 18:00:00,0.50
09,2020-11-28 19:00:00,1.62
09,2020-11-28 20:00:00,0.75
09,2020-11-28 21:00:00,0.75
09,2020-11-28 22:00:00,1.83
09,2020-11-28 23:00:00,1.00
09,2020-11-29 00:00:00,0.88
09,2020-11-29 01:00:00,1.00
09,2020-11-29 02:00:00,1.17
09,2020-11-29 03:00:00,1.80
09,2020-11-29 04:00:00,2.25
09,2020-11-29 05:00:00,1.20
09,2020-11-29 06:00:00,1.00
09,2020-11-29 07:00:00,1.17
09,2020-11-29 08:00:00,1.00
09,2020-11-29 09:00:00,1.50
09,2020-11-29 10:00:00,2.00
09,2020-11-29 11:00:00,1.75
09,2020-11-29 12:00:00,1.20
09,2020-11-29 13:00:00,1.17
09,2020-11-29 14:00:00,2.50
09,2020-11-29 15:00:00,0.75
09,2020-11-29 16:00:00,0.62
09,2020-11-29 17:00:00,0.75
09,2020-11-29 18:00:00,0.50
09,2020-11-29 19:00:00,0.88
09,2020-11-29 20:00:00,1.33
09,2020-11-29 21:00:00,1.20
09,2020-11-29 22:00:00,2.00
09,2020-11-29 23:00:00,1.80
09,2020-11-30 00:00:00,1.25
09,2020-11-30 01:00:00,0.75
09,2020-11-30 02:00:00,2.30
09,2020-11-30 03:00:00,1.83
09,2020-11-30 04:00:00,1.10
09,2020-11-30 05:00:00,1.38
09,2020-11-30 06:00:00,2.25
09,2020-11-30 07:00:00,0.92
09,2020-11-30 08:00:00,1.10
09,2020-11-30 09:00:00,1.75
09,2020-11-30 10:00:00,1.25
09,2020-11-30 11:00:00,1.25
09,2020-11-30 12:00:00,2.00
09,2020-11-30 13:00:00,1.10
09,2020-11-30 14:00:00,0.75
09,2020-11-30 15:00:00,1.38
09,2020-11-30 16:00:00,0.80
09,2020-11-30 17:00:00,1.33
09,2020-11-30 18:00:00,3.50
09,2020-11-30 19:00:00,3.50
09,2020-11-30 20:00:00,2.83
09,2020-11-30 21:00:00,2.75
09,2020-11-30 22:00:00,2.17
09,2020-11-30 23:00:00,1.40
09,2020-12-01 00:00:00,2.10
09,2020-12-01 01:00:00,3.90
09,2020-12-01 02:00:00,3.50
09,2020-12-01 03:00:00,4.10
09,2020-12-01 04:00:00,4.00
09,2020-12-01 05:00:00,4.20
09,2020-12-01 06:00:00,4.80
09,2020-12-01 07:00:00,5.80
09,2020-12-01 08:00:00,3.50
09,2020-12-01 09:00:00,6.00
09,2020-12-01 10:00:00,2.50
09,2020-12-01 11:00:00,2.90
09,2020-12-01 12:00:00,2.10
09,2020-12-01 13:00:00,1.12
09,2020-12-01 14:00:00,1.08
09,2020-12-01 15:00:00,3.75
09,2020-12-01 16:00:00,3.00
09,2020-12-01 17:00:00,1.00
09,2020-12-01 18:00:00,1.75
09,2020-12-01 19:00:00,1.90
09,2020-12-01 20:00:00,2.17
09,2020-12-01 21:00:00,0.75
09,2020-12-01 22:00:00,0.50
09,2020-12-02 01:00:00,0.75
09,2020-12-02 02:00:00,2.25
09,2020-12-02 03:00:00,1.25
09,2020-12-02 04:00:00,0.67
09,2020-12-02 05:00:00,1.00
09,2020-12-02 06:00:00,0.75
09,2020-12-02 07:00:00,0.50
09,2020-12-02 08:00:00,0.50
09,2020-12-02 09:00:00,0.80
09,2020-12-02 10:00:00,2.25
09,2020-12-02 11:00:00,2.00
09,2020-12-02 12:00:00,0.62
09,2020-12-02 13:00:00,0.50
09,2020-12-02 15:00:00,1.38
09,2020-12-02 16:00:00,0.50
09,2020-12-02 17:00:00,1.17
09,2020-12-02 18:00:00,0.80
09,2020-12-02 19:00:00,1.10
09,2020-12-02 20:00:00,0.70
09,2020-12-02 21:00:00,1.00
09,2020-12-02 22:00:00,0.50
09,2020-12-02 23:00:00,1.00
09,2020-12-03 01:00:00,0.83
09,2020-12-03 02:00:00,0.67
09,2020-12-03 03:00:00,1.33
09,2020-12-03 04:00:00,1.00
09,2020-12-03 05:00:00,1.58
09,2020-12-03 06:00:00,1.00
09,2020-12-03 07:00:00,1.08
09,2020-12-03 08:00:00,0.80
09,2020-12-03 09:00:00,0.50
09,2020-12-03 10:00:00,0.50
09,2020-12-03 11:00:00,0.50
09,2020-12-03 12:00:00,1.62
09,2020-12-03 13:00:00,1.33
09,2020-12-03 14:00:00,1.40
09,2020-12-03 15:00:00,1.75
09,2020-12-03 16:00:00,2.50
09,2020-12-03 17:00:00,1.83
09,2020-12-03 18:00:00,1.67
09,2020-12-03 19:00:00,2.33
09,2020-12-03 20:00:00,1.33
09,2020-12-03 21:00:00,1.17
09,2020-12-03 22:00:00,1.33
09,2020-12-03 23:00:00,1.67
09,2020-12-04 00:00:00,1.00
09,2020-12-04 01:00:00,1.58
09,2020-12-04 02:00:00,1.50
09,2020-12-04 03:00:00,1.83
09,2020-12-04 04:00:00,1.58
09,2020-12-04 05:00:00,1.25
09,2020-12-04 06:00:00,1.50
09,2020-12-04 07:00:00,2.00
09,2020-12-04 08:00:00,1.33
09,2020-12-04 09:00:00,1.67
09,2020-12-04 10:00:00,1.00
09,2020-12-04 11:00:00,1.33
09,2020-12-04 12:00:00,0.60
09,2020-12-04 13:00:00,0.83
09,2020-12-04 14:00:00,1.25
09,2020-12-04 15:00:00,1.33
09,2020-12-04 16:00:00,1.67
09,2020-12-04 17:00:00,1.75
09,2020-12-04 18:00:00,1.20
09,2020-12-04 19:00:00,1.33
09,2020-12-04 20:00:00,1.83
09,2020-12-04 21:00:00,1.20
09,2020-12-04 22:00:00,1.00
09,2020-12-04 23:00:00,1.25
09,2020-12-05 00:00:00,0.83
09,2020-12-05 01:00:00,1.33
09,2020-12-05 02:00:00,1.10
09,2020-12-05 03:00:00,1.20
09,2020-12-05 04:00:00,2.00
09,2020-12-05 05:00:00,1.38
09,2020-12-05 06:00:00,1.12
09,2020-12-05 07:00:00,0.50
09,2020-12-05 08:00:00,2.50
09,2020-12-05 09:00:00,0.83
09,2020-12-05 10:00:00,1.75
09,2020-12-05 11:00:00,2.00
09,2020-12-05 12:00:00,1.33
09,2020-12-05 13:00:00,1.00
09,2020-12-05 14:00:00,0.75
09,2020-12-05 15:00:00,2.17
09,2020-12-05 16:00:00,1.17
09,2020-12-05 17:00:00,1.00
09,2020-12-05 18:00:00,1.17
09,2020-12-05 19:00:00,1.12
09,2020-12-05 20:00:00,2.50
09,2020-12-05 21:00:00,1.33
09,2020-12-05 22:00:00,1.00
09,2020-12-05 23:00:00,0.83
09,2020-12-06 00:00:00,1.20
09,2020-12-06 01:00:00,1.38
09,2020-12-06 02:00:00,1.25
09,2020-12-06 03:00:00,2.00
09,2020-12-06 04:00:00,1.00
09,2020-12-06 05:00:00,0.92
09,2020-12-06 06:00:00,1.12
09,2020-12-06 07:00:00,1.10
09,2020-12-06 08:00:00,1.17
09,2020-12-06 09:00:00,1.75
09,2020-12-06 10:00:00,1.12
09,2020-12-06 11:00:00,1.00
09,2020-12-06 12:00:00,1.25
09,2020-12-06 13:00:00,1.75
09,2020-12-06 14:00:00,0.88
09,2020-12-06 15:00:00,1.50
09,2020-12-06 16:00:00,1.12
09,2020-12-06 17:00:00,2.50
09,2020-12-06 18:00:00,0.90
09,2020-12-06 19:00:00,1.00
09,2020-12-06 20:00:00,1.33
09,2020-12-06 21:00:00,1.50
09,2020-12-06 22:00:00,1.90
09,2020-12-06 23:00:00,1.80
09,2020-12-07 00:00:00,1.42
09,2020-12-07 01:00:00,1.62
09,2020-12-07 02:00:00,1.00
09,2020-12-07 03:00:00,1.33
09,2020-12-07 04:00:00,1.58
09,2020-12-07 05:00:00,1.17
09,2020-12-07 06:00:00,1.25
09,2020-12-07 07:00:00,2.00
09,2020-12-07 08:00:00,1.33
09,2020-12-07 09:00:00,1.17
09,2020-12-07 10:00:00,1.00
09,2020-12-07 11:00:00,1.00
09,2020-12-07 12:00:00,1.33
09,2020-12-07 13:00:00,1.25
09,2020-12-07 14:00:00,1.25
09,2020-12-07 15:00:00,1.17
09,2020-12-07 16:00:00,1.17
09,2020-12-07 17:00:00,1.25
09,2020-12-07 18:00:00,1.12
09,2020-12-07 19:00:00,1.00
09,2020-12-07 20:00:00,1.12
09,2020-12-07 21:00:00,1.00
09,2020-12-07 22:00:00,1.12
09,2020-12-07 23:00:00,1.08
09,2020-12-08 00:00:00,1.25
09,2020-12-08 01:00:00,1.33
09,2020-12-08 02:00:00,1.42
09,2020-12-08 03:00:00,1.83
09,2020-12-08 04:00:00,1.25
09,2020-12-08 05:00:00,1.42
09,2020-12-08 06:00:00,1.00
09,2020-12-08 07:00:00,1.10
09,2020-12-08 08:00:00,1.00
09,2020-12-08 09:00:00,1.42
09,2020-12-08 10:00:00,1.08
09,2020-12-08 11:00:00,1.00
09,2020-12-08 12:00:00,0.83
09,2020-12-08 13:00:00,0.60
09,2020-12-08 14:00:00,1.00
09,2020-12-08 15:00:00,1.00
09,2020-12-08 16:00:00,1.10
09,2020-12-08 17:00:00,1.08
09,2020-12-08 18:00:00,0.83
09,2020-12-08 19:00:00,0.92
09,2020-12-08 20:00:00,1.00
09,2020-12-08 21:00:00,1.17
09,2020-12-08 22:00:00,1.00
09,2020-12-08 23:00:00,1.30
09,2020-12-09 00:00:00,1.33
09,2020-12-09 01:00:00,0.90
09,2020-12-09 02:00:00,0.88
09,2020-12-09 03:00:00,0.83
09,2020-12-09 04:00:00,2.17
09,2020-12-09 05:00:00,2.58
09,2020-12-09 06:00:00,2.58
09,2020-12-09 07:00:00,2.67
09,2020-12-09 08:00:00,4.17
09,2020-12-09 09:00:00,3.25
09,2020-12-09 10:00:00,1.42
09,2020-12-09 11:00:00,1.83
09,2020-12-09 12:00:00,0.90
09,2020-12-09 13:00:00,1.17
09,2020-12-09 16:00:00,1.80
09,2020-12-09 17:00:00,1.00
09,2020-12-09 18:00:00,0.83
09,2020-12-09 19:00:00,0.50
09,2020-12-09 20:00:00,0.50
09,2020-12-09 21:00:00,1.50
09,2020-12-09 23:00:00,0.75
09,2020-12-10 00:00:00,0.75
09,2020-12-10 01:00:00,0.83
09,2020-12-10 02:00:00,1.83
09,2020-12-10 04:00:00,0.50
09,2020-12-10 05:00:00,0.50
09,2020-12-10 06:00:00,0.50
09,2020-12-10 07:00:00,1.00
09,2020-12-10 08:00:00,2.08
09,2020-12-10 09:00:00,1.50
09,2020-12-10 10:00:00,1.30
09,2020-12-10 11:00:00,1.30
09,2020-12-10 12:00:00,1.33
09,2020-12-10 13:00:00,3.00
09,2020-12-10 14:00:00,1.00
09,2020-12-10 15:00:00,1.50
09,2020-12-10 16:00:00,2.00
09,2020-12-10 17:00:00,1.00
09,2020-12-10 18:00:00,1.10
09,2020-12-10 19:00:00,0.88
09,2020-12-10 20:00:00,0.90
09,2020-12-10 21:00:00,0.75
09,2020-12-10 22:00:00,1.00
09,2020-12-10 23:00:00,0.62
09,2020-12-11 00:00:00,1.50
09,2020-12-11 01:00:00,0.75
09,2020-12-11 02:00:00,1.25
09,2020-12-11 03:00:00,4.08
09,2020-12-11 04:00:00,1.58
09,2020-12-11 05:00:00,3.08
09,2020-12-11 06:00:00,0.67
09,2020-12-11 07:00:00,2.33
09,2020-12-11 08:00:00,3.58
09,2020-12-11 09:00:00,5.17
09,2020-12-11 10:00:00,3.08
09,2020-12-11 11:00:00,2.00
09,2020-12-11 12:00:00,0.50
09,2020-12-11 13:00:00,0.88
09,2020-12-11 14:00:00,1.75
09,2020-12-11 15:00:00,2.67
09,2020-12-11 16:00:00,0.50
09,2020-12-11 18:00:00,0.50
09,2020-12-11 19:00:00,1.00
09,2020-12-11 20:00:00,0.67
09,2020-12-11 21:00:00,0.50
09,2020-12-11 22:00:00,0.50
09,2020-12-11 23:00:00,0.62
09,2020-12-12 00:00:00,0.50
09,2020-12-12 01:00:00,0.50
09,2020-12-12 02:00:00,0.50
09,2020-12-12 03:00:00,0.50
09,2020-12-12 04:00:00,0.67
09,2020-12-12 05:00:00,0.50
09,2020-12-12 09:00:00,0.50
09,2020-12-12 10:00:00,0.50
09,2020-12-12 13:00:00,0.75
09,2020-12-12 14:00:00,0.75
09,2020-12-12 15:00:00,0.50
09,2020-12-12 16:00:00,0.50
09,2020-12-12 18:00:00,0.50
09,2020-12-12 20:00:00,0.75
09,2020-12-12 22:00:00,0.50
09,2020-12-12 23:00:00,0.50
09,2020-12-13 00:00:00,0.50
09,2020-12-13 01:00:00,0.50
09,2020-12-13 11:00:00,0.50
09,2020-12-13 13:00:00,0.50
09,2020-12-14 02:00:00,1.00
09,2020-12-14 03:00:00,0.67
09,2020-12-14 04:00:00,1.70
09,2020-12-14 05:00:00,1.92
09,2020-12-14 06:00:00,1.25
09,2020-12-14 07:00:00,3.75
09,2020-12-14 08:00:00,1.75
09,2020-12-14 09:00:00,2.00
09,2020-12-14 10:00:00,1.83
09,2020-12-14 11:00:00,1.00
09,2020-12-14 12:00:00,0.75
09,2020-12-14 13:00:00,0.88
09,2020-12-14 14:00:00,1.00
09,2020-12-14 15:00:00,2.50
09,2020-12-14 16:00:00,2.00
09,2020-12-14 17:00:00,1.38
09,2020-12-14 18:00:00,0.88
09,2020-12-14 19:00:00,1.12
09,2020-12-14 20:00:00,0.80
09,2020-12-14 21:00:00,1.00
09,2020-12-14 22:00:00,1.00
09,2020-12-14 23:00:00,1.17
09,2020-12-15 00:00:00,0.80
09,2020-12-15 01:00:00,1.33
09,2020-12-15 02:00:00,1.00
09,2020-12-15 03:00:00,1.25
09,2020-12-15 04:00:00,2.00
09,2020-12-15 05:00:00,1.00
09,2020-12-15 06:00:00,1.17
09,2020-12-15 07:00:00,1.30
09,2020-12-15 08:00:00,1.25
09,2020-12-15 09:00:00,1.00
09,2020-12-15 10:00:00,0.50
09,2020-12-15 11:00:00,2.00
09,2020-12-15 12:00:00,0.80
09,2020-12-15 13:00:00,0.70
09,2020-12-15 14:00:00,1.17
09,2020-12-15 15:00:00,1.00
09,2020-12-15 16:00:00,1.50
09,2020-12-15 17:00:00,1.50
09,2020-12-15 18:00:00,1.42
09,2020-12-15 19:00:00,1.50
09,2020-12-15 20:00:00,1.70
09,2020-12-15 21:00:00,1.92
09,2020-12-15 22:00:00,1.25
09,2020-12-15 23:00:00,1.12
09,2020-12-16 00:00:00,1.30
09,2020-12-16 01:00:00,1.00
09,2020-12-16 02:00:00,1.75
09,2020-12-16 03:00:00,0.90
09,2020-12-16 04:00:00,1.00
09,2020-12-16 05:00:00,1.83
09,2020-12-16 06:00:00,1.67
09,2020-12-16 07:00:00,1.30
09,2020-12-16 08:00:00,1.38
09,2020-12-16 09:00:00,1.88
09,2020-12-16 10:00:00,1.00
09,2020-12-16 11:00:00,0.90
09,2020-12-16 12:00:00,0.50
09,2020-12-16 13:00:00,1.33
09,2020-12-16 14:00:00,1.25
09,2020-12-16 15:00:00,1.67
09,2020-12-16 16:00:00,2.08
09,2020-12-16 17:00:00,1.92
09,2020-12-16 18:00:00,1.00
09,2020-12-16 19:00:00,1.58
09,2020-12-16 20:00:00,1.92
09,2020-12-16 21:00:00,1.92
09,2020-12-16 22:00:00,1.50
09,2020-12-16 23:00:00,1.75
09,2020-12-17 00:00:00,1.67
09,2020-12-17 01:00:00,0.92
09,2020-12-17 02:00:00,1.12
09,2020-12-17 03:00:00,0.67
09,2020-12-17 04:00:00,0.50
09,2020-12-17 05:00:00,0.67
09,2020-12-17 06:00:00,1.83
09,2020-12-17 07:00:00,1.17
09,2020-12-17 08:00:00,1.17
09,2020-12-17 09:00:00,1.50
09,2020-12-17 10:00:00,2.00
09,2020-12-17 11:00:00,0.83
09,2020-12-17 13:00:00,1.00
09,2020-12-17 14:00:00,0.50
09,2020-12-17 15:00:00,1.00
09,2020-12-17 16:00:00,0.88
09,2020-12-17 17:00:00,1.00
09,2020-12-17 18:00:00,0.67
09,2020-12-17 19:00:00,0.75
09,2020-12-17 20:00:00,0.67
09,2020-12-17 21:00:00,1.50
09,2020-12-17 22:00:00,2.50
09,2020-12-17 23:00:00,1.50
09,2020-12-18 00:00:00,0.75
09,2020-12-18 10:00:00,0.50
09,2020-12-18 12:00:00,0.83
09,2020-12-18 13:00:00,0.75
09,2020-12-18 14:00:00,0.90
09,2020-12-18 15:00:00,1.50
09,2020-12-18 16:00:00,1.50
09,2020-12-18 17:00:00,1.50
09,2020-12-18 18:00:00,1.50
09,2020-12-18 19:00:00,1.00
09,2020-12-18 20:00:00,1.60
09,2020-12-18 21:00:00,3.00
09,2020-12-18 22:00:00,3.83
09,2020-12-18 23:00:00,2.83
09,2020-12-19 00:00:00,2.42
09,2020-12-19 01:00:00,1.70
09,2020-12-19 02:00:00,1.58
09,2020-12-19 03:00:00,1.83
09,2020-12-19 04:00:00,1.83
09,2020-12-19 05:00:00,1.33
09,2020-12-19 06:00:00,1.42
09,2020-12-19 07:00:00,0.83
09,2020-12-19 08:00:00,0.83
09,2020-12-19 09:00:00,0.83
09,2020-12-19 10:00:00,1.20
09,2020-12-19 11:00:00,1.00
09,2020-12-19 12:00:00,0.88
09,2020-12-19 13:00:00,1.17
09,2020-12-19 14:00:00,1.50
09,2020-12-19 15:00:00,1.30
09,2020-12-19 16:00:00,1.33
09,2020-12-19 17:00:00,1.50
09,2020-12-19 18:00:00,1.75
09,2020-12-19 19:00:00,1.20
09,2020-12-19 20:00:00,0.90
09,2020-12-19 21:00:00,2.00
09,2020-12-19 22:00:00,0.67
09,2020-12-19 23:00:00,0.50
09,2020-12-20 00:00:00,0.50
09,2020-12-20 01:00:00,0.50
09,2020-12-20 02:00:00,2.00
09,2020-12-20 03:00:00,1.25
09,2020-12-20 04:00:00,1.10
09,2020-12-20 05:00:00,1.00
09,2020-12-20 06:00:00,1.50
09,2020-12-20 07:00:00,1.25
09,2020-12-20 08:00:00,1.25
09,2020-12-20 09:00:00,0.80
09,2020-12-20 10:00:00,1.33
09,2020-12-20 11:00:00,1.00
09,2020-12-20 12:00:00,0.75
09,2020-12-20 13:00:00,1.00
09,2020-12-20 14:00:00,0.62
09,2020-12-20 15:00:00,0.75
09,2020-12-20 16:00:00,1.00
09,2020-12-20 17:00:00,0.70
09,2020-12-20 18:00:00,1.50
09,2020-12-20 19:00:00,1.80
09,2020-12-20 20:00:00,1.00
09,2020-12-20 21:00:00,0.88
09,2020-12-20 22:00:00,0.62
09,2020-12-20 23:00:00,1.17
09,2020-12-21 00:00:00,1.67
09,2020-12-21 01:00:00,1.08
09,2020-12-21 02:00:00,1.08
09,2020-12-21 03:00:00,1.58
09,2020-12-21 04:00:00,1.17
09,2020-12-21 05:00:00,0.90
09,2020-12-21 06:00:00,1.17
09,2020-12-21 07:00:00,0.60
09,2020-12-21 08:00:00,0.62
09,2020-12-21 09:00:00,0.90
09,2020-12-21 10:00:00,0.75
09,2020-12-21 11:00:00,0.70
09,2020-12-21 12:00:00,1.00
09,2020-12-21 13:00:00,0.70
09,2020-12-21 14:00:00,0.50
09,2020-12-21 15:00:00,0.50
09,2020-12-21 16:00:00,0.50
09,2020-12-21 17:00:00,0.50
09,2020-12-21 18:00:00,1.00
09,2020-12-21 19:00:00,1.20
09,2020-12-21 20:00:00,1.38
09,2020-12-21 21:00:00,1.20
09,2020-12-21 22:00:00,1.30
09,2020-12-21 23:00:00,1.12
09,2020-12-22 00:00:00,1.12
09,2020-12-22 01:00:00,1.00
09,2020-12-22 02:00:00,1.12
09,2020-12-22 03:00:00,1.00
09,2020-12-22 04:00:00,1.00
09,2020-12-22 05:00:00,0.83
09,2020-12-22 06:00:00,1.00
09,2020-12-22 07:00:00,1.00
09,2020-12-22 08:00:00,1.10
09,2020-12-22 09:00:00,1.12
09,2020-12-22 10:00:00,1.25
09,2020-12-22 11:00:00,0.75
09,2020-12-22 13:00:00,1.50
09,2020-12-22 14:00:00,1.10
09,2020-12-22 15:00:00,1.83
09,2020-12-22 16:00:00,1.12
09,2020-12-22 17:00:00,1.67
09,2020-12-22 18:00:00,2.83
09,2020-12-22 19:00:00,2.00
09,2020-12-22 20:00:00,0.88
09,2020-12-22 21:00:00,1.25
09,2020-12-22 22:00:00,1.20
09,2020-12-22 23:00:00,1.10
09,2020-12-23 00:00:00,1.12
09,2020-12-23 01:00:00,1.25
09,2020-12-23 02:00:00,0.50
09,2020-12-23 03:00:00,2.67
09,2020-12-23 04:00:00,3.58
09,2020-12-23 05:00:00,2.08
09,2020-12-23 06:00:00,1.17
09,2020-12-23 07:00:00,0.62
09,2020-12-23 08:00:00,1.67
09,2020-12-23 09:00:00,2.67
09,2020-12-23 10:00:00,0.83
09,2020-12-23 11:00:00,0.50
09,2020-12-23 12:00:00,0.90
09,2020-12-23 13:00:00,3.58
09,2020-12-23 14:00:00,2.58
09,2020-12-23 15:00:00,0.50
09,2020-12-23 16:00:00,0.67
09,2020-12-23 17:00:00,0.50
09,2020-12-23 18:00:00,0.50
09,2020-12-23 19:00:00,0.50
09,2020-12-23 20:00:00,0.50
09,2020-12-23 21:00:00,0.50
09,2020-12-23 23:00:00,0.50
09,2020-12-24 00:00:00,0.62
09,2020-12-24 01:00:00,0.50
09,2020-12-24 02:00:00,0.50
09,2020-12-24 03:00:00,0.92
09,2020-12-24 04:00:00,0.80
09,2020-12-24 05:00:00,0.83
09,2020-12-24 06:00:00,0.50
09,2020-12-24 07:00:00,0.88
09,2020-12-24 08:00:00,0.60
09,2020-12-24 09:00:00,0.83
09,2020-12-24 10:00:00,0.70
09,2020-12-24 11:00:00,1.00
09,2020-12-24 12:00:00,1.00
09,2020-12-24 13:00:00,0.67
09,2020-12-24 14:00:00,0.50
09,2020-12-24 16:00:00,0.50
09,2020-12-24 18:00:00,0.50
09,2020-12-24 19:00:00,0.50
09,2020-12-24 21:00:00,0.50
09,2020-12-24 22:00:00,0.50
09,2020-12-24 23:00:00,0.50
09,2020-12-25 00:00:00,0.50
09,2020-12-25 01:00:00,0.67
09,2020-12-25 02:00:00,0.75
09,2020-12-25 03:00:00,1.00
09,2020-12-25 04:00:00,1.10
09,2020-12-25 05:00:00,1.58
09,2020-12-25 06:00:00,1.92
09,2020-12-25 07:00:00,2.50
09,2020-12-25 08:00:00,1.00
09,2020-12-25 09:00:00,0.50
